year,prefCode,prefName,landPrice,population,listedCompanies,starbucksCount,ramenCount,attractiveness,sunshineHours,onsenCount,hospitalCount,pollenLevel,childcareScore
2000,1,北海道,88284,6347520,25,4,1951,71.2,1702,248,557,5,60
2000,2,青森県,32457,1495680,2,1,512,17.4,1565,143,139,27,68
2000,3,岩手県,33755,1471360,4,1,431,16.5,1634,114,132,40,74
2000,4,宮城県,86986,2796800,12,2,754,25.3,1845,60,216,53,67
2000,5,秋田県,27264,1155200,2,0,435,16.9,1440,88,111,38,78
2000,6,山形県,29860,1288960,3,1,783,19.0,1499,116,124,43,77
2000,7,福島県,40247,2225280,7,1,800,19.0,1682,134,203,64,74
2000,8,茨城県,49335,3477760,10,1,793,10.0,2089,26,256,77,66
2000,9,栃木県,46738,2346880,12,1,1054,16.4,1945,75,184,73,70
2000,10,群馬県,48037,2346880,10,1,710,16.2,2095,104,195,89,69
2000,11,埼玉県,137894,6283040,35,5,1536,19.5,2014,20,513,83,54
2000,12,千葉県,120657,5375680,23,4,1408,22.6,1992,31,439,71,52
2000,13,東京都,1060875,12018240,967,32,3681,47.1,1983,25,646,72,42
2000,14,神奈川県,244462,7900880,84,9,1858,40.9,2048,45,578,62,50
2000,15,新潟県,49335,2675200,18,1,1126,18.6,1565,149,232,44,75
2000,16,富山県,49335,1252480,13,1,416,18.4,1636,76,115,42,79
2000,17,石川県,70108,1374080,14,1,387,21.4,1643,70,136,42,79
2000,18,福井県,46738,924160,10,1,232,18.6,1646,34,95,46,78
2000,19,山梨県,49335,984960,4,1,291,22.1,2285,48,90,72,67
2000,20,長野県,50633,2480640,17,1,774,28.7,2056,205,222,62,75
2000,21,岐阜県,54528,2395520,11,1,510,18.4,2062,87,201,60,69
2000,22,静岡県,101267,4414080,23,3,877,25.1,2175,129,323,77,69
2000,23,愛知県,207561,6454240,108,6,1717,20.9,2096,30,563,67,58
2000,24,三重県,55827,2152320,10,1,377,17.9,1909,39,173,55,71
2000,25,滋賀県,71406,1714560,7,1,311,18.0,1779,25,125,54,70
2000,26,京都府,272643,3125120,33,3,653,55.3,1703,30,286,51,59
2000,27,大阪府,285975,7558480,207,11,1828,37.5,1994,20,504,54,57
2000,28,兵庫県,188254,6639360,37,4,1268,31.3,1955,77,447,55,60
2000,29,奈良県,97372,1605120,4,1,250,26.3,1867,26,123,56,66
2000,30,和歌山県,49335,1118720,5,1,254,18.0,1917,53,120,68,67
2000,31,鳥取県,28562,668800,2,0,193,17.1,1690,35,75,47,83
2000,32,島根県,29860,814720,2,0,186,17.7,1645,62,93,37,80
2000,33,岡山県,75301,2286080,13,1,536,19.8,2011,35,195,47,70
2000,34,広島県,123338,3392640,23,2,850,26.0,1951,43,285,56,68
2000,35,山口県,45440,1629440,10,1,356,17.2,1979,29,136,46,69
2000,36,徳島県,44142,875520,3,0,207,15.3,2118,25,104,56,72
2000,37,香川県,67511,1155200,7,1,232,17.5,2061,16,113,53,73
2000,38,愛媛県,57125,1617280,9,1,298,18.3,1991,44,152,54,75
2000,39,高知県,46738,839040,4,0,197,17.3,2251,25,109,70,72
2000,40,福岡県,161436,4391280,42,5,1664,29.5,1958,51,464,46,65
2000,41,佐賀県,40247,984960,5,1,270,14.7,1889,31,96,37,79
2000,42,長崎県,61020,1592960,6,1,273,22.5,1843,56,164,34,75
2000,43,熊本県,75301,2103680,11,1,487,24.4,1910,130,202,49,79
2000,44,大分県,50633,1361920,7,1,283,20.2,1920,253,143,45,79
2000,45,宮崎県,41545,1301120,5,1,351,21.3,2162,81,124,61,72
2000,46,鹿児島県,59721,1921280,7,1,541,22.6,1949,175,208,42,71
2000,47,沖縄県,70761,1249760,8,2,403,57.3,1807,10,120,2,64
2001,1,北海道,87462,6300540,27,6,1942,71.2,1735,240,554,6,61
2001,2,青森県,32155,1484610,2,1,510,17.5,1524,137,139,32,72
2001,3,岩手県,33441,1460470,4,1,429,16.7,1694,106,128,49,72
2001,4,宮城県,86175,2776100,12,3,751,25.5,1857,59,213,66,68
2001,5,秋田県,27010,1146650,2,1,433,17.2,1465,93,110,39,78
2001,6,山形県,29582,1279420,3,1,779,19.2,1483,121,123,51,78
2001,7,福島県,39872,2208810,7,2,796,19.0,1772,133,205,63,74
2001,8,茨城県,48875,3452020,11,2,789,10.0,2036,25,258,76,66
2001,9,栃木県,46303,2329510,13,2,1050,16.2,1951,77,184,86,66
2001,10,群馬県,47589,2329510,11,2,707,16.0,2167,106,192,82,69
2001,11,埼玉県,131765,6327080,37,8,1530,19.3,1985,20,519,76,53
2001,12,千葉県,115295,5413360,24,6,1402,22.4,2055,31,442,74,53
2001,13,東京都,1013725,12102480,1012,46,3665,47.0,1992,25,651,79,46
2001,14,神奈川県,233597,7956260,88,13,1849,41.0,2123,45,580,65,52
2001,15,新潟県,48875,2655400,19,2,1121,18.7,1583,143,237,47,79
2001,16,富山県,48875,1243210,13,1,414,18.7,1602,72,115,45,76
2001,17,石川県,69455,1363910,15,2,386,21.9,1695,68,136,45,76
2001,18,福井県,46303,917320,10,1,231,18.8,1695,36,95,53,83
2001,19,山梨県,48875,977670,4,1,289,22.2,2282,52,89,76,70
2001,20,長野県,50162,2462280,18,2,771,28.7,2106,208,220,71,75
2001,21,岐阜県,54020,2377790,12,2,508,18.3,2048,83,201,71,69
2001,22,静岡県,100324,4381410,24,4,873,24.9,2180,124,316,82,69
2001,23,愛知県,198336,6499480,113,9,1709,20.6,2131,30,556,75,56
2001,24,三重県,55306,2136390,11,2,375,17.7,1940,40,173,69,68
2001,25,滋賀県,70741,1701870,7,2,310,17.9,1751,26,125,56,73
2001,26,京都府,270103,3101990,34,5,650,55.3,1721,31,283,56,59
2001,27,大阪府,273265,7611460,217,16,1820,37.6,2046,19,500,55,54
2001,28,兵庫県,186500,6590220,39,6,1263,31.5,2020,76,451,55,57
2001,29,奈良県,96465,1593240,4,1,249,26.5,1839,26,125,61,70
2001,30,和歌山県,48875,1110440,5,1,253,18.2,1983,54,121,75,70
2001,31,鳥取県,28296,663850,2,0,192,17.2,1725,34,74,48,84
2001,32,島根県,29582,808690,2,0,186,17.7,1622,58,94,44,82
2001,33,岡山県,74600,2269160,14,2,534,19.7,1992,35,192,56,71
2001,34,広島県,122189,3367530,24,3,847,25.8,2062,47,282,56,70
2001,35,山口県,45017,1617380,10,1,354,17.0,2008,29,136,53,73
2001,36,徳島県,43731,869040,3,1,206,15.1,2063,25,107,64,70
2001,37,香川県,66882,1146650,7,1,231,17.3,2062,15,114,54,73
2001,38,愛媛県,56593,1605310,9,1,297,18.2,2120,46,152,67,71
2001,39,高知県,46303,832830,4,1,196,17.4,2200,26,109,81,73
2001,40,福岡県,154261,4422060,44,8,1656,29.7,1939,48,456,48,66
2001,41,佐賀県,39872,977670,5,1,269,14.9,1996,30,94,40,82
2001,42,長崎県,60451,1581170,6,1,271,22.8,1831,56,165,40,74
2001,43,熊本県,74600,2088110,12,2,485,24.6,1983,135,206,59,78
2001,44,大分県,50162,1351840,7,1,282,20.3,1938,248,142,54,77
2001,45,宮崎県,41158,1291490,5,1,349,21.3,2142,82,123,61,74
2001,46,鹿児島県,59165,1907060,7,1,539,22.5,1979,170,209,48,74
2001,47,沖縄県,67616,1258520,8,3,401,57.0,1789,10,120,2,68
2002,1,北海道,86639,6253560,28,7,1934,71.3,1691,237,552,6,62
2002,2,青森県,31852,1473540,3,1,508,17.7,1581,145,140,38,72
2002,3,岩手県,33126,1449580,4,1,428,16.9,1705,111,129,44,73
2002,4,宮城県,85365,2755400,13,3,747,25.7,1890,59,214,61,71
2002,5,秋田県,26756,1138100,3,1,431,17.3,1450,88,108,40,79
2002,6,山形県,29304,1269880,4,1,776,19.2,1563,123,125,56,81
2002,7,福島県,39497,2192340,7,2,793,19.0,1727,137,206,66,71
2002,8,茨城県,48416,3426280,11,3,786,10.0,2042,25,260,80,64
2002,9,栃木県,45868,2312140,13,2,1045,16.0,2018,77,185,92,71
2002,10,群馬県,47142,2312140,11,3,704,15.7,2136,106,197,87,72
2002,11,埼玉県,124104,6371120,38,10,1523,19.1,2048,20,522,87,53
2002,12,千葉県,108591,5451040,25,9,1396,22.3,2064,29,444,77,53
2002,13,東京都,954787,12186720,1057,60,3649,47.0,2064,24,653,90,46
2002,14,神奈川県,220016,8011640,92,17,1841,41.1,2148,44,572,78,49
2002,15,新潟県,48416,2635600,20,2,1116,18.9,1550,149,235,50,77
2002,16,富山県,48416,1233940,14,2,412,18.9,1653,77,115,50,80
2002,17,石川県,68802,1353740,15,2,384,22.5,1745,69,133,56,76
2002,18,福井県,45868,910480,11,1,230,18.9,1692,34,94,56,80
2002,19,山梨県,48416,970380,5,2,288,22.2,2337,50,89,83,67
2002,20,長野県,49690,2443920,19,3,767,28.6,2091,207,221,72,78
2002,21,岐阜県,53512,2360060,12,2,505,18.1,2052,85,199,71,73
2002,22,静岡県,99380,4348740,25,5,869,24.7,2216,129,314,88,70
2002,23,愛知県,186805,6544720,118,11,1702,20.4,2166,31,561,82,57
2002,24,三重県,54786,2120460,11,2,373,17.5,1910,39,175,70,69
2002,25,滋賀県,70076,1689180,8,2,309,17.8,1770,25,126,66,76
2002,26,京都府,267563,3078860,36,6,647,55.3,1766,31,283,67,63
2002,27,大阪府,257377,7664440,227,21,1812,37.7,2115,20,502,56,53
2002,28,兵庫県,184746,6541080,41,8,1257,31.8,1990,72,443,64,58
2002,29,奈良県,95558,1581360,5,2,248,26.7,1902,24,124,70,65
2002,30,和歌山県,48416,1102160,5,1,252,18.4,2025,55,121,77,71
2002,31,鳥取県,28030,658900,2,0,191,17.3,1701,36,76,60,84
2002,32,島根県,29304,802660,3,0,185,17.7,1608,59,94,50,84
2002,33,岡山県,73898,2252240,14,2,532,19.6,2106,35,192,58,71
2002,34,広島県,121040,3342420,25,4,843,25.6,2093,46,282,60,69
2002,35,山口県,44593,1605320,11,2,353,16.7,1956,31,134,62,70
2002,36,徳島県,43319,862560,3,1,205,14.9,2066,26,104,77,73
2002,37,香川県,66253,1138100,8,1,230,17.1,2196,14,115,65,76
2002,38,愛媛県,56060,1593340,10,2,296,18.2,2073,46,156,66,74
2002,39,高知県,45868,826620,4,1,195,17.4,2179,25,108,92,73
2002,40,福岡県,145292,4452840,46,10,1649,29.8,2050,50,454,59,64
2002,41,佐賀県,39497,970380,5,1,268,15.1,1983,30,94,47,82
2002,42,長崎県,59883,1569380,6,2,270,23.0,1900,56,165,46,78
2002,43,熊本県,73898,2072540,12,3,483,24.8,2002,131,205,63,78
2002,44,大分県,49690,1341760,7,2,281,20.4,1921,250,146,59,76
2002,45,宮崎県,40771,1281860,6,1,348,21.2,2176,82,126,65,74
2002,46,鹿児島県,58609,1892840,7,2,537,22.3,1960,180,214,50,74
2002,47,沖縄県,63685,1267280,8,4,399,56.7,1835,10,118,2,69
2003,1,北海道,85817,6206580,29,9,1926,71.4,1583,237,559,4,64
2003,2,青森県,31550,1462470,3,2,505,17.9,1437,137,141,24,71
2003,3,岩手県,32812,1438690,4,1,426,17.2,1568,113,130,28,73
2003,4,宮城県,84555,2734700,13,4,744,26.0,1690,61,215,41,71
2003,5,秋田県,26502,1129550,3,1,429,17.5,1380,90,111,25,76
2003,6,山形県,29026,1260340,4,1,772,19.3,1376,123,125,37,79
2003,7,福島県,39122,2175870,8,3,789,18.9,1565,136,207,46,74
2003,8,茨城県,47956,3400540,12,3,782,10.0,1909,25,261,50,64
2003,9,栃木県,45432,2294770,14,3,1041,15.8,1797,74,182,61,68
2003,10,群馬県,46694,2294770,12,3,701,15.5,1991,101,195,64,70
2003,11,埼玉県,117976,6415160,40,13,1516,18.9,1858,19,521,54,56
2003,12,千葉県,103229,5488720,26,11,1390,22.2,1932,31,435,50,57
2003,13,東京都,907637,12270960,1102,74,3633,47.0,1887,26,645,54,46
2003,14,神奈川県,209151,8067020,96,21,1833,41.2,1899,45,573,46,50
2003,15,新潟県,47956,2615800,21,3,1111,19.1,1444,142,236,32,78
2003,16,富山県,47956,1224670,15,2,410,19.1,1537,74,114,33,82
2003,17,石川県,68148,1343570,16,3,382,23.0,1574,69,132,34,80
2003,18,福井県,45432,903640,11,2,229,19.0,1565,35,95,39,79
2003,19,山梨県,47956,963090,5,2,287,22.2,2096,51,90,59,68
2003,20,長野県,49218,2425560,20,3,764,28.5,1893,217,222,43,73
2003,21,岐阜県,53004,2342330,13,3,503,17.9,1885,82,199,49,73
2003,22,静岡県,98437,4316070,26,6,865,24.4,2034,126,315,60,70
2003,23,愛知県,177580,6589960,123,14,1694,20.2,1927,31,551,49,60
2003,24,三重県,54266,2104530,12,3,372,17.4,1744,40,173,51,69
2003,25,滋賀県,69410,1676490,8,3,307,17.8,1641,24,126,44,74
2003,26,京都府,265023,3055730,37,8,645,55.4,1649,29,289,41,60
2003,27,大阪府,244667,7717420,236,26,1804,37.9,1882,20,507,35,55
2003,28,兵庫県,182992,6491940,43,10,1252,32.0,1860,78,443,44,60
2003,29,奈良県,94651,1569480,5,2,247,27.0,1754,24,123,50,68
2003,30,和歌山県,47956,1093880,5,2,251,18.5,1804,55,119,54,72
2003,31,鳥取県,27764,653950,2,0,190,17.4,1523,36,74,35,83
2003,32,島根県,29026,796630,3,0,184,17.6,1535,61,95,34,84
2003,33,岡山県,73196,2235320,15,3,529,19.4,1931,36,196,42,74
2003,34,広島県,119891,3317310,26,5,839,25.4,1842,43,279,42,70
2003,35,山口県,44170,1593260,11,2,351,16.5,1769,30,133,43,70
2003,36,徳島県,42908,856080,3,1,204,14.7,1987,25,104,48,72
2003,37,香川県,65624,1129550,8,2,229,17.1,1939,15,115,43,76
2003,38,愛媛県,55528,1581370,10,2,294,18.2,1854,45,155,42,75
2003,39,高知県,45432,820410,4,1,194,17.6,2080,26,111,57,73
2003,40,福岡県,138117,4483620,48,12,1642,30.1,1839,49,462,33,62
2003,41,佐賀県,39122,963090,5,1,267,15.4,1860,30,97,33,81
2003,42,長崎県,59314,1557590,6,2,269,23.2,1733,56,162,26,79
2003,43,熊本県,73196,2056970,13,3,481,24.9,1792,139,203,36,77
2003,44,大分県,49218,1331680,8,2,280,20.4,1762,259,144,34,81
2003,45,宮崎県,40384,1272230,6,2,346,21.1,1947,78,125,45,73
2003,46,鹿児島県,58052,1878620,8,2,534,22.1,1816,179,211,29,73
2003,47,沖縄県,60540,1276040,9,5,398,56.3,1683,10,120,1,66
2004,1,北海道,84994,6159600,30,11,1917,71.5,1698,243,562,5,62
2004,2,青森県,31248,1451400,3,2,503,18.1,1558,141,141,33,74
2004,3,岩手県,32497,1427800,5,2,424,17.4,1653,113,131,44,77
2004,4,宮城県,83744,2714000,14,5,741,26.2,1897,60,212,54,72
2004,5,秋田県,26248,1121000,3,1,427,17.6,1433,90,110,34,78
2004,6,山形県,28748,1250800,4,2,769,19.3,1470,118,125,48,80
2004,7,福島県,38747,2159400,8,3,786,18.8,1725,130,203,58,76
2004,8,茨城県,47496,3374800,12,4,779,10.0,2004,24,258,68,68
2004,9,栃木県,44997,2277400,15,4,1036,15.6,1975,77,183,84,67
2004,10,群馬県,46247,2277400,12,4,698,15.3,2130,108,196,83,70
2004,11,埼玉県,113379,6459200,42,15,1510,18.8,2052,20,517,79,51
2004,12,千葉県,99207,5526400,28,13,1384,22.2,2083,29,431,75,58
2004,13,東京都,872275,12355200,1148,88,3617,47.1,1968,25,651,69,47
2004,14,神奈川県,201002,8122400,100,25,1825,41.4,2088,44,580,67,53
2004,15,新潟県,47496,2596000,22,4,1106,19.4,1584,145,238,46,77
2004,16,富山県,47496,1215400,15,3,409,19.4,1635,77,114,42,81
2004,17,石川県,67495,1333400,17,3,381,23.4,1717,72,133,53,78
2004,18,福井県,44997,896800,12,2,228,19.1,1656,34,93,55,81
2004,19,山梨県,47496,955800,5,2,286,22.1,2239,51,89,77,70
2004,20,長野県,48746,2407200,21,4,761,28.3,2050,217,222,58,76
2004,21,岐阜県,52496,2324600,14,3,501,17.7,2041,84,203,71,74
2004,22,静岡県,97493,4283400,28,7,861,24.2,2134,121,318,91,69
2004,23,愛知県,170661,6635200,128,17,1687,20.0,2074,29,551,75,60
2004,24,三重県,53746,2088600,12,4,370,17.3,1907,40,173,64,72
2004,25,滋賀県,68745,1663800,8,3,306,17.8,1807,26,124,64,75
2004,26,京都府,262483,3032600,39,9,642,55.6,1731,29,283,63,60
2004,27,大阪府,235135,7770400,246,31,1796,38.1,2074,20,510,52,55
2004,28,兵庫県,181238,6442800,44,12,1246,32.2,2023,77,452,64,61
2004,29,奈良県,93744,1557600,5,3,246,27.2,1844,26,123,66,69
2004,30,和歌山県,47496,1085600,6,2,250,18.7,1904,56,118,76,71
2004,31,鳥取県,27498,649000,2,0,190,17.4,1715,34,75,47,81
2004,32,島根県,28748,790600,3,0,183,17.5,1660,61,95,45,83
2004,33,岡山県,72495,2218400,16,4,527,19.2,2004,36,195,50,75
2004,34,広島県,118742,3292200,28,6,835,25.1,1964,45,287,63,69
2004,35,山口県,43747,1581200,12,2,350,16.3,2007,30,136,50,74
2004,36,徳島県,42497,849600,3,1,203,14.5,2069,26,107,59,71
2004,37,香川県,64995,1121000,8,2,228,17.0,2046,15,113,52,76
2004,38,愛媛県,54996,1569400,11,3,293,18.3,2089,45,153,61,72
2004,39,高知県,44997,814200,5,1,193,17.8,2202,26,109,70,72
2004,40,福岡県,132736,4514400,50,15,1635,30.3,2035,51,459,45,62
2004,41,佐賀県,38747,955800,6,2,265,15.6,2001,31,95,44,85
2004,42,長崎県,58746,1545800,7,2,268,23.4,1830,54,165,34,73
2004,43,熊本県,72495,2041400,14,4,479,25.0,1939,138,203,49,77
2004,44,大分県,48746,1321600,8,2,278,20.4,1860,249,148,46,79
2004,45,宮崎県,39997,1262600,6,2,345,21.0,2127,78,127,61,74
2004,46,鹿児島県,57496,1864400,8,3,532,21.9,1965,179,209,43,76
2004,47,沖縄県,58181,1284800,9,6,396,56.0,1772,10,119,2,71
2005,1,北海道,84172,6112620,32,12,1909,71.7,1699,242,561,5,63
2005,2,青森県,30945,1440330,3,2,501,18.4,1516,139,138,32,70
2005,3,岩手県,32183,1416910,5,2,422,17.6,1712,108,129,39,78
2005,4,宮城県,82934,2693300,15,6,737,26.3,1817,58,212,55,72
2005,5,秋田県,25994,1112450,3,2,425,17.7,1413,88,110,36,80
2005,6,山形県,28469,1241260,4,2,766,19.2,1496,123,124,42,79
2005,7,福島県,38372,2142930,8,4,782,18.6,1672,139,201,59,75
2005,8,茨城県,47037,3349060,13,5,775,10.0,2033,25,261,69,65
2005,9,栃木県,44561,2260030,15,4,1031,15.3,1950,73,185,74,69
2005,10,群馬県,45799,2260030,13,4,695,15.1,2171,104,197,89,73
2005,11,埼玉県,114912,6503240,43,18,1503,18.7,2041,20,516,79,55
2005,12,千葉県,100548,5564080,29,15,1378,22.2,2005,30,433,68,58
2005,13,東京都,884062,12439440,1193,103,3601,47.3,1996,26,639,65,45
2005,14,神奈川県,203718,8177780,104,29,1817,41.6,2113,47,574,68,53
2005,15,新潟県,47037,2576200,23,4,1101,19.6,1555,140,237,49,81
2005,16,富山県,47037,1206130,16,3,407,19.6,1646,76,117,44,81
2005,17,石川県,66842,1323230,18,4,379,23.9,1677,72,134,45,77
2005,18,福井県,44561,889960,12,2,227,19.1,1632,35,93,55,81
2005,19,山梨県,47037,948510,5,3,284,22.0,2237,48,89,82,71
2005,20,長野県,48275,2388840,22,5,757,28.1,2049,202,218,59,78
2005,21,岐阜県,51988,2306870,14,4,499,17.5,1976,85,199,72,73
2005,22,静岡県,96550,4250730,29,8,858,24.0,2120,130,320,84,67
2005,23,愛知県,172968,6680440,133,20,1680,19.8,2093,29,563,72,58
2005,24,三重県,53226,2072670,13,4,368,17.2,1938,40,172,59,73
2005,25,滋賀県,68080,1651110,9,4,305,17.9,1750,26,123,58,74
2005,26,京都府,259943,3009470,40,11,639,55.7,1760,31,283,53,65
2005,27,大阪府,238312,7823380,256,36,1788,38.4,2082,20,509,54,53
2005,28,兵庫県,179484,6393660,46,14,1241,32.5,1962,72,450,53,60
2005,29,奈良県,92836,1545720,5,3,245,27.4,1796,25,126,56,66
2005,30,和歌山県,47037,1077320,6,2,248,18.8,1979,56,120,64,71
2005,31,鳥取県,27232,644050,2,0,189,17.4,1711,35,76,48,80
2005,32,島根県,28469,784570,3,0,182,17.4,1590,59,93,38,87
2005,33,岡山県,71793,2201480,16,4,525,19.0,1972,36,193,48,70
2005,34,広島県,117593,3267090,29,7,832,24.9,2057,44,283,57,68
2005,35,山口県,43323,1569140,12,3,348,16.1,1928,30,135,47,73
2005,36,徳島県,42086,843120,4,2,202,14.4,2015,26,106,56,72
2005,37,香川県,64366,1112450,9,2,227,17.0,2127,15,115,49,79
2005,38,愛媛県,54464,1557430,11,3,292,18.4,2040,47,153,58,77
2005,39,高知県,44561,807990,5,2,193,18.0,2247,25,112,72,72
2005,40,福岡県,134530,4545180,52,17,1627,30.5,2019,51,466,48,62
2005,41,佐賀県,38372,948510,6,2,264,15.8,1949,30,94,37,84
2005,42,長崎県,58177,1534010,7,3,267,23.5,1827,54,164,36,75
2005,43,熊本県,71793,2025830,14,5,477,25.0,1888,138,201,52,77
2005,44,大分県,48275,1311520,8,3,277,20.3,1875,252,144,47,78
2005,45,宮崎県,39610,1252970,6,2,343,20.8,2123,82,127,52,75
2005,46,鹿児島県,56939,1850180,8,3,530,21.6,1908,178,208,41,72
2005,47,沖縄県,58968,1293560,9,7,394,55.6,1841,10,122,2,65
2006,1,北海道,83349,6065640,33,14,1900,71.9,1677,231,557,5,65
2006,2,青森県,30643,1429260,3,2,499,18.6,1593,136,137,32,73
2006,3,岩手県,31868,1406020,5,2,420,17.9,1664,113,130,48,79
2006,4,宮城県,82123,2672600,15,7,734,26.5,1818,62,215,62,71
2006,5,秋田県,25740,1103900,3,2,423,17.7,1458,89,111,37,80
2006,6,山形県,28191,1231720,4,2,762,19.2,1470,117,124,45,83
2006,7,福島県,37997,2126460,9,4,779,18.4,1720,134,202,67,75
2006,8,茨城県,46577,3323320,13,5,772,10.0,2036,25,256,81,65
2006,9,栃木県,44126,2242660,16,5,1027,15.1,2016,75,183,88,69
2006,10,群馬県,45351,2242660,13,5,692,14.9,2190,108,197,86,73
2006,11,埼玉県,124104,6547280,45,21,1496,18.6,1992,21,528,88,56
2006,12,千葉県,108591,5601760,30,17,1372,22.3,2063,29,438,82,57
2006,13,東京都,954787,12523680,1238,119,3585,47.4,2049,25,639,74,43
2006,14,神奈川県,220016,8233160,108,33,1809,41.9,2104,47,573,77,52
2006,15,新潟県,46577,2556400,24,5,1096,19.8,1588,143,233,51,82
2006,16,富山県,46577,1196860,16,4,405,19.8,1630,72,114,48,80
2006,17,石川県,66189,1313060,18,5,377,24.3,1676,67,135,48,82
2006,18,福井県,44126,883119,13,3,226,19.1,1654,35,96,57,80
2006,19,山梨県,46577,941219,6,3,283,21.9,2268,52,88,77,70
2006,20,長野県,47803,2370480,22,5,754,27.9,2012,206,217,70,75
2006,21,岐阜県,51480,2289140,15,5,496,17.2,1991,86,199,67,73
2006,22,静岡県,95606,4218060,30,10,854,23.8,2171,128,320,80,66
2006,23,愛知県,186805,6725680,138,23,1672,19.7,2157,31,560,69,62
2006,24,三重県,52706,2056739,13,5,367,17.2,1904,41,177,68,68
2006,25,滋賀県,67415,1638420,9,4,303,18.0,1805,24,126,56,73
2006,26,京都府,257402,2986340,42,12,636,55.9,1792,30,290,56,63
2006,27,大阪府,257377,7876360,265,42,1780,38.6,2048,20,501,56,55
2006,28,兵庫県,177730,6344520,48,16,1235,32.7,1938,75,445,55,63
2006,29,奈良県,91929,1533840,6,4,244,27.5,1893,25,124,60,71
2006,30,和歌山県,46577,1069040,6,2,247,18.8,2003,56,120,68,70
2006,31,鳥取県,26966,639100,3,0,188,17.3,1662,34,75,51,81
2006,32,島根県,28191,778540,3,0,182,17.2,1587,60,95,44,86
2006,33,岡山県,71092,2184560,17,5,522,18.8,2094,36,193,57,72
2006,34,広島県,116444,3241980,30,8,828,24.7,2005,46,290,54,68
2006,35,山口県,42900,1557080,13,3,347,15.9,1905,31,137,56,71
2006,36,徳島県,41674,836640,4,2,202,14.3,2124,25,104,67,73
2006,37,香川県,63737,1103900,9,3,226,17.1,2107,15,114,57,74
2006,38,愛媛県,53932,1545460,12,4,290,18.6,2112,45,152,56,72
2006,39,高知県,44126,801780,5,2,192,18.2,2263,24,109,76,73
2006,40,福岡県,145292,4575960,54,20,1620,30.8,1995,51,467,52,66
2006,41,佐賀県,37997,941219,6,2,263,16.0,1974,30,94,45,83
2006,42,長崎県,57609,1522220,7,3,266,23.6,1805,56,167,34,74
2006,43,熊本県,71092,2010259,15,5,475,25.0,1931,137,209,57,78
2006,44,大分県,47803,1301440,9,3,276,20.2,1899,257,142,53,80
2006,45,宮崎県,39223,1243340,7,3,342,20.6,2092,82,126,64,75
2006,46,鹿児島県,56383,1835959,9,4,527,21.4,2011,172,212,40,76
2006,47,沖縄県,63685,1302320,10,8,392,55.3,1785,10,118,2,69
2007,1,北海道,82526,6018660,34,17,1892,72.1,1698,248,556,4,66
2007,2,青森県,30340,1418190,3,3,496,18.8,1492,139,138,27,74
2007,3,岩手県,31554,1395130,5,2,418,18.0,1605,107,128,33,78
2007,4,宮城県,81313,2651900,16,8,731,26.5,1808,60,213,50,69
2007,5,秋田県,25486,1095350,3,2,422,17.7,1381,89,111,32,79
2007,6,山形県,27913,1222180,5,2,759,19.0,1458,120,127,37,84
2007,7,福島県,37622,2109990,9,5,775,18.2,1660,139,204,55,75
2007,8,茨城県,46118,3297580,14,6,769,10.0,2028,26,256,61,69
2007,9,栃木県,43690,2225290,16,6,1022,14.9,1960,73,183,69,68
2007,10,群馬県,44904,2225290,14,6,689,14.8,2061,106,193,66,72
2007,11,埼玉県,134830,6591320,46,23,1490,18.6,1976,21,516,66,53
2007,12,千葉県,117976,5639440,31,19,1365,22.4,2041,30,440,56,57
2007,13,東京都,1037300,12607920,1283,136,3569,47.6,1966,24,654,63,43
2007,14,神奈川県,239030,8288540,112,38,1801,42.1,2072,43,569,51,55
2007,15,新潟県,46118,2536600,25,6,1092,20.1,1516,144,232,35,76
2007,16,富山県,46118,1187590,17,4,403,19.9,1570,78,114,33,80
2007,17,石川県,65536,1302890,19,5,375,24.6,1637,69,135,39,80
2007,18,福井県,43690,876280,13,3,225,19.0,1616,35,95,40,81
2007,19,山梨県,46118,933930,6,4,282,21.7,2146,51,91,59,73
2007,20,長野県,47331,2352120,23,6,751,27.7,1954,214,221,52,80
2007,21,岐阜県,50972,2271410,15,5,494,17.0,1964,87,204,50,72
2007,22,静岡県,94663,4185390,31,11,850,23.6,2156,120,314,62,67
2007,23,愛知県,202949,6770920,143,26,1665,19.6,2043,30,554,53,62
2007,24,三重県,52186,2040810,14,6,365,17.2,1893,41,174,52,70
2007,25,滋賀県,66749,1625730,10,5,302,18.1,1772,25,125,47,73
2007,26,京都府,254862,2963210,43,14,633,56.2,1699,30,286,49,62
2007,27,大阪府,279620,7929340,275,47,1772,38.8,1950,21,509,38,56
2007,28,兵庫県,175976,6295380,50,18,1230,32.9,1969,73,445,47,59
2007,29,奈良県,91022,1521960,6,4,243,27.6,1847,25,127,52,66
2007,30,和歌山県,46118,1060760,6,3,246,18.8,1876,56,122,57,71
2007,31,鳥取県,26699,634150,3,0,187,17.2,1600,36,75,35,84
2007,32,島根県,27913,772510,3,0,181,17.0,1625,62,94,34,86
2007,33,岡山県,70390,2167640,18,6,520,18.5,1968,34,191,45,70
2007,34,広島県,115295,3216870,31,10,824,24.5,1908,46,283,48,69
2007,35,山口県,42477,1545020,13,4,345,15.7,1936,30,137,38,73
2007,36,徳島県,41263,830160,4,2,201,14.3,2028,24,104,53,74
2007,37,香川県,63108,1095350,10,3,225,17.1,2102,15,117,46,78
2007,38,愛媛県,53399,1533490,12,4,289,18.7,2049,45,158,50,75
2007,39,高知県,43690,795570,5,2,191,18.4,2155,26,108,54,70
2007,40,福岡県,157849,4606740,56,23,1613,31.0,1948,51,462,37,65
2007,41,佐賀県,37622,933930,6,2,262,16.2,1879,31,96,34,84
2007,42,長崎県,57040,1510430,8,3,264,23.7,1779,56,162,30,74
2007,43,熊本県,70390,1994690,15,6,473,24.9,1885,133,209,45,79
2007,44,大分県,47331,1291360,9,4,275,20.0,1803,240,144,36,80
2007,45,宮崎県,38836,1233710,7,3,340,20.4,2125,80,127,49,76
2007,46,鹿児島県,55827,1821740,9,4,525,21.2,1880,179,208,31,74
2007,47,沖縄県,69189,1311080,10,10,391,55.1,1727,10,118,2,70
2008,1,北海道,81704,5971679,35,19,1883,72.4,1729,238,569,7,65
2008,2,青森県,30038,1407120,3,3,494,19.1,1564,138,139,43,71
2008,3,岩手県,31239,1384240,5,3,416,18.2,1734,110,128,51,77
2008,4,宮城県,80502,2631200,16,8,728,26.6,1862,62,212,76,68
2008,5,秋田県,25232,1086800,3,2,420,17.6,1489,93,109,44,83
2008,6,山形県,27635,1212640,5,3,755,18.8,1530,116,124,64,79
2008,7,福島県,37247,2093519,9,5,772,18.0,1798,137,205,75,74
2008,8,茨城県,45658,3271839,14,7,765,10.0,2144,26,261,85,67
2008,9,栃木県,43255,2207920,17,6,1018,14.7,2005,74,181,97,69
2008,10,群馬県,44456,2207920,14,7,686,14.7,2221,101,193,110,75
2008,11,埼玉県,137894,6635360,48,26,1483,18.6,2125,19,517,93,58
2008,12,千葉県,120657,5677120,32,22,1359,22.5,2129,30,439,87,57
2008,13,東京都,1060875,12692160,1328,152,3553,47.8,2104,26,650,95,43
2008,14,神奈川県,244462,8343920,116,42,1793,42.3,2149,44,585,79,55
2008,15,新潟県,45658,2516800,25,6,1087,20.3,1587,146,236,54,78
2008,16,富山県,45658,1178320,18,5,401,20.0,1668,77,117,51,80
2008,17,石川県,64882,1292720,20,6,374,24.9,1738,71,133,61,79
2008,18,福井県,43255,869439,14,3,224,18.9,1663,36,94,67,82
2008,19,山梨県,45658,926639,6,4,281,21.5,2266,48,89,105,69
2008,20,長野県,46859,2333760,24,7,747,27.4,2096,213,220,72,74
2008,21,岐阜県,50464,2253680,16,6,492,16.8,2121,86,201,88,73
2008,22,静岡県,93719,4152719,32,12,846,23.5,2219,125,319,108,71
2008,23,愛知県,207561,6816160,149,29,1657,19.6,2208,30,553,89,61
2008,24,三重県,51666,2024879,14,6,363,17.3,2019,41,178,74,69
2008,25,滋賀県,66084,1613039,10,5,300,18.3,1826,24,127,73,75
2008,26,京都府,252322,2940079,45,16,630,56.4,1759,30,283,78,63
2008,27,大阪府,285975,7982320,285,53,1764,39.1,2154,20,507,69,56
2008,28,兵庫県,174222,6246239,51,20,1224,33.0,2088,77,441,66,63
2008,29,奈良県,90115,1510079,6,5,242,27.7,1880,26,124,84,70
2008,30,和歌山県,45658,1052480,7,3,245,18.7,1961,54,122,94,69
2008,31,鳥取県,26433,629200,3,0,186,17.0,1780,36,74,64,83
2008,32,島根県,27635,766479,3,0,180,16.8,1659,60,96,49,86
2008,33,岡山県,69689,2150720,18,6,518,18.3,2036,34,199,64,70
2008,34,広島県,114145,3191759,32,11,821,24.3,2108,46,280,73,70
2008,35,山口県,42053,1532959,14,4,344,15.7,2009,30,136,67,73
2008,36,徳島県,40852,823679,4,2,200,14.3,2200,26,106,85,75
2008,37,香川県,62479,1086800,10,3,224,17.3,2217,15,113,63,76
2008,38,愛媛県,52867,1521519,12,5,288,19.0,2121,46,158,77,76
2008,39,高知県,43255,789359,5,2,190,18.7,2287,26,109,86,71
2008,40,福岡県,161436,4637520,58,25,1606,31.2,2016,49,467,56,66
2008,41,佐賀県,37247,926639,7,3,261,16.3,2014,29,94,54,86
2008,42,長崎県,56472,1498639,8,4,263,23.7,1887,55,162,49,74
2008,43,熊本県,69689,1979119,16,7,470,24.8,1945,138,204,61,76
2008,44,大分県,46859,1281280,9,4,274,19.8,1991,242,146,60,77
2008,45,宮崎県,38449,1224080,7,3,338,20.1,2159,77,125,71,74
2008,46,鹿児島県,55270,1807519,9,5,523,20.9,1977,171,206,57,75
2008,47,沖縄県,70761,1319840,11,11,389,54.8,1819,10,121,3,70
2009,1,北海道,80881,5924700,36,21,1875,72.6,1633,247,556,4,68
2009,2,青森県,29736,1396050,4,3,492,19.3,1523,145,140,26,76
2009,3,岩手県,30925,1373350,6,3,414,18.3,1609,106,131,37,77
2009,4,宮城県,79692,2610500,17,9,724,26.6,1808,61,211,46,68
2009,5,秋田県,24978,1078250,4,3,418,17.5,1408,93,109,29,82
2009,6,山形県,27357,1203100,5,3,752,18.6,1493,119,124,41,81
2009,7,福島県,36872,2077050,10,6,768,17.8,1713,130,205,49,74
2009,8,茨城県,45198,3246100,15,8,762,10.0,1976,24,260,57,66
2009,9,栃木県,42819,2190550,18,7,1013,14.6,1948,75,187,65,70
2009,10,群馬県,44009,2190550,15,7,682,14.7,2153,109,196,73,71
2009,11,埼玉県,110315,6679400,50,29,1476,18.7,1997,20,529,68,53
2009,12,千葉県,96526,5714800,33,24,1353,22.7,2053,30,432,66,57
2009,13,東京都,848700,12776400,1373,169,3537,48.1,1967,26,643,56,47
2009,14,神奈川県,195570,8399300,120,47,1785,42.6,2028,46,575,59,54
2009,15,新潟県,45198,2497000,26,7,1082,20.4,1519,148,235,41,77
2009,16,富山県,45198,1169050,18,5,399,20.1,1596,72,116,37,81
2009,17,石川県,64229,1282550,20,6,372,25.1,1612,71,135,37,80
2009,18,福井県,42819,862600,14,4,223,18.7,1582,36,94,44,82
2009,19,山梨県,45198,919350,6,5,279,21.3,2190,50,92,72,73
2009,20,長野県,46388,2315400,25,8,744,27.2,2039,208,223,55,78
2009,21,岐阜県,49956,2235950,16,6,490,16.6,1967,87,199,52,71
2009,22,静岡県,92776,4120050,33,14,842,23.4,2161,122,318,75,69
2009,23,愛知県,166049,6861400,154,32,1650,19.6,2122,30,549,63,62
2009,24,三重県,51145,2008950,15,7,362,17.5,1875,41,174,58,69
2009,25,滋賀県,65419,1600350,10,6,299,18.5,1703,26,127,45,75
2009,26,京都府,249782,2916950,46,18,628,56.6,1750,31,282,47,64
2009,27,大阪府,228780,8035300,294,59,1756,39.3,2058,20,518,44,57
2009,28,兵庫県,172468,6197100,53,22,1219,33.2,1915,77,458,50,60
2009,29,奈良県,89208,1498200,6,5,241,27.7,1772,25,123,57,70
2009,30,和歌山県,45198,1044200,7,3,244,18.6,1967,54,121,55,69
2009,31,鳥取県,26167,624250,3,0,185,16.8,1638,36,76,42,84
2009,32,島根県,27357,760450,4,0,179,16.5,1547,61,93,33,88
2009,33,岡山県,68987,2133800,19,7,515,18.1,2026,36,199,42,71
2009,34,広島県,112996,3166650,33,12,817,24.1,1971,46,283,50,68
2009,35,山口県,41630,1520900,14,5,342,15.6,1963,31,137,47,71
2009,36,徳島県,40440,817200,4,3,199,14.4,2091,26,104,49,73
2009,37,香川県,61850,1078250,10,4,223,17.5,2069,15,113,45,77
2009,38,愛媛県,52335,1509550,13,5,287,19.2,2029,43,155,48,77
2009,39,高知県,42819,783150,6,3,189,18.9,2133,25,110,67,72
2009,40,福岡県,129149,4668300,60,28,1599,31.4,1947,51,461,40,67
2009,41,佐賀県,36872,919350,7,3,260,16.4,1925,29,93,34,83
2009,42,長崎県,55903,1486850,8,4,262,23.7,1755,53,166,33,78
2009,43,熊本県,68987,1963550,16,8,468,24.7,1936,132,201,41,80
2009,44,大分県,46388,1271200,10,5,272,19.6,1823,255,147,37,78
2009,45,宮崎県,38062,1214450,8,4,337,19.9,2046,78,127,51,80
2009,46,鹿児島県,54714,1793300,10,5,520,20.7,1877,171,214,35,77
2009,47,沖縄県,56609,1328600,11,12,387,54.6,1809,10,119,2,71
2010,1,北海道,80059,5877719,38,23,1866,72.8,1787,243,557,4,64
2010,2,青森県,29433,1384979,4,4,490,19.4,1588,145,140,23,71
2010,3,岩手県,30610,1362459,6,3,413,18.4,1756,109,130,33,78
2010,4,宮城県,78882,2589799,17,10,721,26.5,1921,58,217,44,72
2010,5,秋田県,24724,1069700,4,3,416,17.3,1543,87,110,29,81
2010,6,山形県,27078,1193559,5,3,749,18.4,1597,119,127,32,79
2010,7,福島県,36497,2060579,10,7,765,17.5,1773,140,201,49,75
2010,8,茨城県,44739,3220359,15,8,758,10.0,2157,24,257,57,68
2010,9,栃木県,42384,2173180,18,8,1008,14.5,2120,76,184,62,71
2010,10,群馬県,43561,2173180,15,8,679,14.7,2274,108,195,60,75
2010,11,埼玉県,107251,6723440,51,32,1469,18.9,2164,20,523,60,56
2010,12,千葉県,93844,5752480,34,26,1347,22.9,2157,31,439,60,55
2010,13,東京都,825125,12860640,1418,186,3521,48.3,2085,24,642,58,46
2010,14,神奈川県,190137,8454680,124,52,1777,42.8,2180,46,590,47,55
2010,15,新潟県,44739,2477199,27,8,1077,20.6,1633,147,238,38,77
2010,16,富山県,44739,1159780,19,6,398,20.1,1662,75,114,35,82
2010,17,石川県,63576,1272379,21,7,370,25.3,1723,69,134,39,81
2010,18,福井県,42384,855759,15,4,222,18.5,1717,36,93,37,83
2010,19,山梨県,44739,912059,6,5,278,21.1,2394,49,89,58,71
2010,20,長野県,45916,2297040,26,8,741,27.0,2125,210,223,48,79
2010,21,岐阜県,49448,2218220,17,7,488,16.4,2152,87,198,53,71
2010,22,静岡県,91832,4087379,34,15,839,23.3,2334,129,325,68,70
2010,23,愛知県,161436,6906640,159,35,1642,19.7,2214,31,570,49,63
2010,24,三重県,50625,1993019,15,8,360,17.6,1965,39,172,50,69
2010,25,滋賀県,64753,1587659,11,7,298,18.8,1904,26,126,41,73
2010,26,京都府,247242,2893819,48,19,625,56.9,1879,30,288,41,61
2010,27,大阪府,222425,8088280,304,65,1748,39.5,2121,19,502,40,55
2010,28,兵庫県,170714,6147959,55,24,1213,33.3,2028,77,459,46,61
2010,29,奈良県,88300,1486319,6,6,240,27.7,1995,25,124,44,71
2010,30,和歌山県,44739,1035919,7,4,243,18.5,2033,56,122,52,71
2010,31,鳥取県,25901,619299,3,0,185,16.6,1716,36,74,35,85
2010,32,島根県,27078,754419,4,0,178,16.3,1730,62,93,34,85
2010,33,岡山県,68285,2116880,20,8,513,17.9,2129,36,195,39,75
2010,34,広島県,111847,3141539,34,13,813,24.0,2164,44,286,42,71
2010,35,山口県,41207,1508839,15,5,340,15.6,2097,29,135,43,71
2010,36,徳島県,40029,810719,4,3,198,14.5,2191,25,103,44,78
2010,37,香川県,61221,1069700,11,4,222,17.7,2223,15,116,37,79
2010,38,愛媛県,51803,1497579,13,6,285,19.4,2125,43,152,46,77
2010,39,高知県,42384,776939,6,3,188,19.1,2313,24,111,55,72
2010,40,福岡県,125561,4699080,62,31,1591,31.5,2090,49,467,39,64
2010,41,佐賀県,36497,912059,7,3,258,16.4,2011,31,97,30,84
2010,42,長崎県,55335,1475059,8,5,261,23.6,1962,54,164,27,80
2010,43,熊本県,68285,1947979,17,8,466,24.5,1991,132,201,40,82
2010,44,大分県,45916,1261119,10,5,271,19.3,1940,254,147,36,81
2010,45,宮崎県,37675,1204819,8,4,335,19.6,2182,77,123,44,79
2010,46,鹿児島県,54157,1779079,10,6,518,20.6,2096,175,209,30,76
2010,47,沖縄県,55036,1337360,11,13,385,54.4,1941,10,118,2,69
2011,1,北海道,79236,5830740,39,24,1854,73.1,1661,232,570,5,67
2011,2,青森県,29131,1373910,4,4,487,19.6,1545,135,138,33,75
2011,3,岩手県,30296,1351570,6,4,410,18.4,1664,109,129,40,76
2011,4,宮城県,78071,2569100,18,11,716,26.5,1878,62,213,58,71
2011,5,秋田県,24470,1061150,4,3,413,17.1,1473,88,110,40,82
2011,6,山形県,26800,1184020,5,4,744,18.2,1475,121,126,50,79
2011,7,福島県,36122,2044110,10,7,760,17.3,1726,139,204,58,76
2011,8,茨城県,44279,3194620,16,9,753,10.0,2094,26,257,78,68
2011,9,栃木県,41948,2155810,19,8,1002,14.4,1997,77,188,87,71
2011,10,群馬県,43114,2155810,16,9,675,14.8,2197,101,198,92,73
2011,11,埼玉県,104186,6767480,53,34,1460,19.0,2027,20,517,73,57
2011,12,千葉県,91163,5790160,35,28,1338,23.2,2039,30,437,72,55
2011,13,東京都,801550,12944880,1463,200,3499,48.5,1999,25,637,74,47
2011,14,神奈川県,184705,8510060,128,56,1765,43.0,2090,45,576,70,57
2011,15,新潟県,44279,2457400,28,8,1070,20.7,1517,149,239,51,77
2011,16,富山県,44279,1150510,19,6,395,20.1,1584,73,114,40,79
2011,17,石川県,62923,1262210,22,8,368,25.5,1668,70,137,50,78
2011,18,福井県,41948,848920,15,5,220,18.3,1674,36,97,49,81
2011,19,山梨県,44279,904770,7,6,276,20.8,2224,51,88,75,72
2011,20,長野県,45444,2278680,27,9,736,26.8,2073,217,221,65,79
2011,21,岐阜県,48940,2200490,17,8,484,16.3,2073,83,202,73,73
2011,22,静岡県,90889,4054710,35,16,833,23.3,2171,128,315,79,72
2011,23,愛知県,156824,6951880,164,38,1632,19.8,2069,30,571,69,60
2011,24,三重県,50105,1977090,16,8,358,17.8,1959,39,174,62,73
2011,25,滋賀県,64088,1574970,11,7,296,19.0,1823,26,127,63,76
2011,26,京都府,244702,2870690,49,21,621,57.1,1727,30,282,58,61
2011,27,大阪府,216070,8141260,314,70,1737,39.6,2002,20,502,51,60
2011,28,兵庫県,168960,6098820,57,26,1205,33.3,2037,76,449,63,64
2011,29,奈良県,87393,1474440,7,6,238,27.6,1840,26,126,58,71
2011,30,和歌山県,44279,1027640,7,4,241,18.3,1899,56,120,64,70
2011,31,鳥取県,25635,614350,3,0,183,16.4,1711,34,74,50,82
2011,32,島根県,26800,748390,4,0,177,16.1,1621,58,96,42,87
2011,33,岡山県,67584,2099960,20,8,510,17.7,2085,35,192,58,76
2011,34,広島県,110698,3116430,35,14,808,23.9,2061,46,288,56,74
2011,35,山口県,40783,1496780,15,6,338,15.7,1959,29,137,51,74
2011,36,徳島県,39618,804240,4,3,197,14.7,2100,24,107,64,77
2011,37,香川県,60592,1061150,11,5,220,17.9,2076,15,115,54,78
2011,38,愛媛県,51270,1485610,14,6,283,19.7,2056,46,152,59,75
2011,39,高知県,41948,770730,6,3,187,19.3,2215,24,112,69,77
2011,40,福岡県,121974,4729860,64,33,1581,31.6,1948,49,452,50,65
2011,41,佐賀県,36122,904770,7,4,257,16.4,2005,30,94,45,83
2011,42,長崎県,54766,1463270,9,5,259,23.5,1800,53,162,36,76
2011,43,熊本県,67584,1932410,17,9,463,24.3,1890,135,207,56,79
2011,44,大分県,45444,1251040,10,6,269,19.1,1846,252,144,49,84
2011,45,宮崎県,37287,1195190,8,5,333,19.4,2173,80,127,58,80
2011,46,鹿児島県,53601,1764860,10,6,515,20.4,2006,180,212,39,78
2011,47,沖縄県,53464,1346120,12,14,383,54.3,1765,10,121,2,69
2012,1,北海道,78414,5783760,40,26,1842,73.2,1638,250,563,4,65
2012,2,青森県,28828,1362840,4,4,484,19.6,1483,137,140,25,75
2012,3,岩手県,29981,1340680,6,4,407,18.4,1648,111,128,33,76
2012,4,宮城県,77261,2548400,19,12,712,26.3,1816,62,219,39,72
2012,5,秋田県,24216,1052600,4,3,411,16.9,1378,92,112,26,84
2012,6,山形県,26522,1174480,5,4,739,17.9,1454,123,124,34,80
2012,7,福島県,35747,2027640,11,8,755,17.1,1698,130,204,47,74
2012,8,茨城県,43819,3168880,16,10,749,10.0,1998,25,255,58,66
2012,9,栃木県,41513,2138440,19,9,996,14.4,1955,76,184,55,70
2012,10,群馬県,42666,2138440,16,9,671,14.9,2085,105,198,65,74
2012,11,埼玉県,102654,6811519,55,37,1451,19.2,1941,20,514,53,58
2012,12,千葉県,89822,5827840,36,30,1330,23.4,1980,31,447,51,57
2012,13,東京都,789762,13029120,1508,214,3476,48.8,1942,24,662,54,48
2012,14,神奈川県,181988,8565440,132,60,1754,43.1,1967,45,569,53,54
2012,15,新潟県,43819,2437600,29,9,1063,20.7,1465,148,236,32,81
2012,16,富山県,43819,1141240,20,7,393,20.0,1554,77,116,31,83
2012,17,石川県,62270,1252040,22,8,366,25.6,1647,72,133,34,78
2012,18,福井県,41513,842080,16,5,219,18.1,1576,34,97,42,87
2012,19,山梨県,43819,897480,7,6,274,20.6,2199,51,89,57,74
2012,20,長野県,44972,2260320,27,10,731,26.6,2023,209,223,44,80
2012,21,岐阜県,48432,2182760,18,8,481,16.2,1954,83,198,53,72
2012,22,静岡県,89945,4022040,36,17,828,23.3,2056,128,315,56,69
2012,23,愛知県,154518,6997119,169,41,1621,19.9,2090,30,559,46,62
2012,24,三重県,49585,1961160,16,9,356,18.1,1900,41,176,48,74
2012,25,滋賀県,63423,1562280,11,8,294,19.2,1697,25,125,42,79
2012,26,京都府,242161,2847560,51,22,617,57.3,1652,31,280,46,64
2012,27,大阪府,212892,8194239,323,75,1726,39.7,2038,20,514,37,60
2012,28,兵庫県,167207,6049680,58,28,1198,33.3,1902,74,442,40,63
2012,29,奈良県,86486,1462560,7,7,237,27.5,1741,24,126,46,69
2012,30,和歌山県,43819,1019360,8,4,240,18.1,1919,55,122,50,75
2012,31,鳥取県,25369,609400,3,0,182,16.1,1624,36,76,35,84
2012,32,島根県,26522,742360,4,0,176,15.9,1608,58,95,29,85
2012,33,岡山県,66882,2083040,21,9,506,17.5,2012,34,191,40,72
2012,34,広島県,109549,3091320,36,15,803,23.9,1952,44,289,44,71
2012,35,山口県,40360,1484720,16,6,336,15.7,1902,31,133,37,77
2012,36,徳島県,39207,797760,5,3,195,14.8,1987,24,104,49,78
2012,37,香川県,59963,1052600,11,5,219,18.1,2035,15,113,39,80
2012,38,愛媛県,50738,1473640,14,7,282,19.9,1995,46,156,42,76
2012,39,高知県,41513,764520,6,3,186,19.5,2091,24,109,50,74
2012,40,福岡県,120180,4760640,66,36,1571,31.7,1967,50,467,38,68
2012,41,佐賀県,35747,897480,8,4,255,16.3,1864,30,96,28,87
2012,42,長崎県,54198,1451480,9,5,258,23.3,1731,55,166,28,78
2012,43,熊本県,66882,1916840,18,10,460,24.1,1821,139,203,39,83
2012,44,大分県,44972,1240960,11,6,268,18.9,1862,246,146,36,83
2012,45,宮崎県,36900,1185560,8,5,331,19.3,2107,83,123,46,80
2012,46,鹿児島県,53044,1750640,11,7,511,20.3,1848,179,207,30,78
2012,47,沖縄県,52678,1354880,12,15,381,54.2,1733,10,118,2,69
2013,1,北海道,77591,5736780,41,28,1831,73.4,1671,247,557,5,66
2013,2,青森県,28526,1351770,4,5,480,19.7,1562,143,139,28,76
2013,3,岩手県,29667,1329790,6,4,405,18.3,1694,112,127,42,78
2013,4,宮城県,76450,2527700,19,13,707,26.1,1806,58,213,51,73
2013,5,秋田県,23962,1044050,4,3,408,16.7,1444,91,112,33,81
2013,6,山形県,26244,1164940,6,4,734,17.7,1521,122,124,46,83
2013,7,福島県,35372,2011170,11,8,750,16.9,1722,135,208,63,77
2013,8,茨城県,43360,3143140,17,10,744,10.0,2079,25,265,65,66
2013,9,栃木県,41078,2121070,20,9,989,14.4,1972,77,182,75,75
2013,10,群馬県,42219,2121070,17,10,666,15.0,2122,102,196,78,76
2013,11,埼玉県,108783,6855560,56,39,1441,19.4,2004,20,526,81,58
2013,12,千葉県,95185,5865520,37,32,1321,23.6,2045,31,433,69,56
2013,13,東京都,836912,13113360,1553,228,3454,49.0,1943,26,663,66,45
2013,14,神奈川県,192853,8620820,136,64,1743,43.2,2019,47,576,69,55
2013,15,新潟県,43360,2417800,30,9,1056,20.7,1527,142,238,41,83
2013,16,富山県,43360,1131970,21,7,390,19.9,1632,77,114,37,85
2013,17,石川県,61617,1241870,23,9,363,25.7,1648,70,133,47,81
2013,18,福井県,41078,835240,16,5,217,17.8,1656,34,95,49,86
2013,19,山梨県,43360,890190,7,6,273,20.4,2281,51,90,82,73
2013,20,長野県,44501,2241960,28,10,726,26.5,2027,212,220,57,78
2013,21,岐阜県,47924,2165030,18,9,478,16.2,1967,87,196,62,77
2013,22,静岡県,89002,3989370,37,18,823,23.4,2208,127,323,81,70
2013,23,愛知県,163743,7042360,174,43,1611,20.1,2155,31,550,65,60
2013,24,三重県,49065,1945230,17,9,353,18.3,1880,41,177,60,70
2013,25,滋賀県,62758,1549590,12,8,292,19.5,1726,25,127,51,76
2013,26,京都府,239621,2824430,53,24,613,57.4,1787,29,290,57,67
2013,27,大阪府,225602,8247219,333,80,1715,39.8,2023,20,508,52,60
2013,28,兵庫県,165453,6000540,60,30,1190,33.2,1914,77,442,53,65
2013,29,奈良県,85579,1450680,7,7,235,27.3,1870,24,127,64,70
2013,30,和歌山県,43360,1011080,8,5,238,17.9,1936,53,118,67,72
2013,31,鳥取県,25103,604450,3,0,181,15.9,1713,34,74,44,86
2013,32,島根県,26244,736330,4,3,175,15.7,1649,61,93,37,89
2013,33,岡山県,66181,2066120,21,9,503,17.5,2025,34,197,55,75
2013,34,広島県,108400,3066210,37,16,798,23.9,2014,44,283,51,75
2013,35,山口県,39936,1472660,16,6,334,15.9,1914,30,137,53,76
2013,36,徳島県,38795,791280,5,3,194,15.1,2070,24,106,61,79
2013,37,香川県,59334,1044050,12,5,217,18.4,2099,15,116,52,80
2013,38,愛媛県,50206,1461670,15,7,280,20.1,2002,45,154,60,75
2013,39,高知県,41078,758310,6,3,185,19.6,2245,25,111,69,77
2013,40,福岡県,127355,4791420,68,38,1561,31.7,1944,51,452,48,65
2013,41,佐賀県,35372,890190,8,4,253,16.2,1905,30,94,44,84
2013,42,長崎県,53629,1439690,9,6,256,23.1,1773,57,162,38,80
2013,43,熊本県,66181,1901270,18,10,457,23.8,1954,138,206,51,78
2013,44,大分県,44501,1230880,11,6,266,18.6,1919,251,146,45,80
2013,45,宮崎県,36513,1175930,9,5,329,19.1,2063,78,124,52,77
2013,46,鹿児島県,52488,1736420,11,7,508,20.3,1929,179,214,40,75
2013,47,沖縄県,55823,1363640,12,16,378,54.2,1797,10,118,2,68
2014,1,北海道,76769,5689800,42,29,1819,73.5,1698,231,553,4,68
2014,2,青森県,28224,1340700,4,5,477,19.7,1549,142,142,28,76
2014,3,岩手県,29352,1318900,7,4,402,18.2,1625,112,132,36,77
2014,4,宮城県,75640,2507000,20,14,703,25.9,1826,60,211,55,70
2014,5,秋田県,23708,1035500,4,4,405,16.5,1457,89,110,32,83
2014,6,山形県,25966,1155400,6,4,730,17.5,1488,123,126,39,85
2014,7,福島県,34997,1994700,11,9,745,16.8,1729,131,202,59,79
2014,8,茨城県,42900,3117400,17,11,739,10.0,2024,25,265,59,69
2014,9,栃木県,40642,2103700,21,10,983,14.5,1937,77,184,64,74
2014,10,群馬県,41771,2103700,17,10,662,15.2,2114,108,198,77,75
2014,11,埼玉県,114912,6899600,58,42,1432,19.7,1997,21,514,68,56
2014,12,千葉県,100548,5903200,39,34,1313,23.9,1974,29,433,71,62
2014,13,東京都,884062,13197600,1599,243,3432,49.1,1924,26,648,61,46
2014,14,神奈川県,203718,8676200,140,68,1732,43.3,2031,45,582,57,54
2014,15,新潟県,42900,2398000,31,10,1049,20.6,1547,141,235,42,79
2014,16,富山県,42900,1122700,21,7,388,19.7,1576,77,113,37,82
2014,17,石川県,60963,1231700,24,9,361,25.8,1671,71,136,42,85
2014,18,福井県,40642,828400,17,6,216,17.6,1658,36,93,43,87
2014,19,山梨県,42900,882900,7,7,271,20.2,2205,51,91,72,75
2014,20,長野県,44029,2223600,29,11,722,26.4,1968,216,223,58,78
2014,21,岐阜県,47416,2147300,19,9,475,16.2,2038,87,203,57,74
2014,22,静岡県,88058,3956700,39,20,817,23.6,2196,123,319,78,73
2014,23,愛知県,172968,7087600,179,46,1600,20.3,2058,29,550,61,64
2014,24,三重県,48545,1929300,17,10,351,18.5,1845,40,178,55,73
2014,25,滋賀県,62092,1536900,12,9,290,19.7,1801,26,123,47,80
2014,26,京都府,237081,2801300,54,25,609,57.6,1712,29,283,56,67
2014,27,大阪府,238312,8300199,343,85,1704,39.8,1964,19,500,42,61
2014,28,兵庫県,163699,5951400,62,32,1182,33.1,1984,73,454,54,65
2014,29,奈良県,84672,1438800,7,7,233,27.1,1821,26,124,56,69
2014,30,和歌山県,42900,1002800,8,5,237,17.6,1970,54,122,62,75
2014,31,鳥取県,24837,599500,3,0,180,15.7,1695,34,76,46,84
2014,32,島根県,25966,730300,4,3,174,15.5,1601,61,96,36,86
2014,33,岡山県,65479,2049200,22,10,500,17.4,2016,34,194,49,77
2014,34,広島県,107251,3041100,39,17,793,24.0,1955,45,286,56,69
2014,35,山口県,39513,1460600,17,7,332,16.1,1924,30,133,50,73
2014,36,徳島県,38384,784800,5,4,193,15.3,2061,25,104,56,75
2014,37,香川県,58705,1035500,12,6,216,18.6,2032,15,113,46,77
2014,38,愛媛県,49674,1449700,15,7,278,20.3,2074,44,156,48,74
2014,39,高知県,40642,752100,7,4,183,19.7,2140,26,111,64,77
2014,40,福岡県,134530,4822200,70,41,1551,31.7,1918,51,458,38,64
2014,41,佐賀県,34997,882900,8,4,252,16.1,1883,30,97,37,84
2014,42,長崎県,53061,1427900,10,6,254,22.9,1836,54,162,35,81
2014,43,熊本県,65479,1885700,19,11,454,23.6,1943,138,206,42,81
2014,44,大分県,44029,1220800,11,7,264,18.4,1814,260,142,44,80
2014,45,宮崎県,36126,1166300,9,6,327,19.0,2078,81,125,49,80
2014,46,鹿児島県,51932,1722200,11,7,505,20.3,1930,175,213,38,75
2014,47,沖縄県,58968,1372400,13,17,376,54.2,1759,10,120,2,68
2015,1,北海道,75946,5642820,44,31,1807,73.6,1756,241,566,6,68
2015,2,青森県,27921,1329630,4,5,474,19.6,1550,139,138,33,74
2015,3,岩手県,29038,1308010,7,5,399,18.0,1714,113,133,50,82
2015,4,宮城県,74829,2486300,20,14,698,25.7,1921,58,214,66,72
2015,5,秋田県,23454,1026950,4,4,403,16.2,1487,90,112,46,81
2015,6,山形県,25687,1145860,6,5,725,17.3,1558,123,124,52,81
2015,7,福島県,34622,1978230,12,9,741,16.7,1755,139,202,69,77
2015,8,茨城県,42440,3091660,18,12,734,10.0,2073,26,259,85,72
2015,9,栃木県,40207,2086330,21,10,976,14.7,2012,74,186,91,75
2015,10,群馬県,41323,2086330,18,11,658,15.4,2197,108,195,97,77
2015,11,埼玉県,119508,6943640,60,44,1423,19.9,2010,20,511,84,57
2015,12,千葉県,104569,5940880,40,36,1304,24.1,2038,29,444,88,59
2015,13,東京都,919425,13281840,1644,257,3409,49.3,2019,26,639,89,49
2015,14,神奈川県,211867,8731580,144,72,1720,43.3,2146,45,587,75,58
2015,15,新潟県,42440,2378200,32,10,1043,20.5,1558,148,239,58,81
2015,16,富山県,42440,1113430,22,8,385,19.5,1666,76,117,50,86
2015,17,石川県,60310,1221530,24,10,359,25.9,1744,72,134,54,84
2015,18,福井県,40207,821560,17,6,214,17.4,1671,36,93,56,87
2015,19,山梨県,42440,875610,8,7,269,20.0,2233,49,91,100,75
2015,20,長野県,43557,2205240,30,12,717,26.3,2126,202,216,67,78
2015,21,岐阜県,46908,2129570,20,10,472,16.3,2114,85,199,83,78
2015,22,静岡県,87115,3924030,40,21,812,23.7,2187,128,314,99,70
2015,23,愛知県,179886,7132840,184,49,1590,20.6,2105,29,565,82,61
2015,24,三重県,48025,1913370,18,10,349,18.8,2008,38,174,80,75
2015,25,滋賀県,61427,1524210,12,9,288,19.9,1799,24,127,66,75
2015,26,京都府,234541,2778170,56,27,605,57.7,1733,31,288,71,63
2015,27,大阪府,247845,8353180,352,90,1693,39.8,2122,20,514,66,57
2015,28,兵庫県,161945,5902260,64,34,1175,33.0,2014,73,447,73,61
2015,29,奈良県,83764,1426920,8,8,232,26.9,1932,25,126,74,68
2015,30,和歌山県,42440,994520,8,5,235,17.4,2033,53,118,78,75
2015,31,鳥取県,24571,594550,4,3,179,15.5,1716,35,74,52,83
2015,32,島根県,25687,724270,4,3,173,15.4,1663,60,93,48,86
2015,33,岡山県,64778,2032280,23,10,497,17.4,2041,35,196,55,78
2015,34,広島県,106102,3015990,40,18,787,24.1,2049,46,286,67,72
2015,35,山口県,39090,1448540,17,7,330,16.3,1996,30,134,65,73
2015,36,徳島県,37973,778320,5,4,192,15.5,2080,26,107,66,78
2015,37,香川県,58076,1026950,12,6,214,18.8,2195,15,113,64,78
2015,38,愛媛県,49142,1437730,16,8,276,20.4,2061,45,156,64,75
2015,39,高知県,40207,745890,7,4,182,19.7,2202,24,108,87,74
2015,40,福岡県,139911,4852980,72,43,1541,31.6,1976,51,462,51,66
2015,41,佐賀県,34622,875610,8,5,250,15.9,2032,31,96,53,84
2015,42,長崎県,52492,1416110,10,6,253,22.6,1903,56,164,44,79
2015,43,熊本県,64778,1870130,20,12,451,23.3,1914,135,204,61,81
2015,44,大分県,43557,1210720,12,7,262,18.3,1905,255,147,52,82
2015,45,宮崎県,35739,1156670,9,6,325,18.9,2168,79,127,70,78
2015,46,鹿児島県,51375,1707980,12,8,501,20.4,1969,170,211,52,75
2015,47,沖縄県,61326,1381160,13,18,373,54.3,1875,10,121,2,71
2016,1,北海道,75124,5595840,45,33,1795,73.6,1701,234,553,6,70
2016,2,青森県,27619,1318560,4,6,471,19.6,1583,140,138,37,75
2016,3,岩手県,28723,1297120,7,5,397,17.8,1746,113,130,49,79
2016,4,宮城県,74019,2465600,21,15,694,25.5,1899,62,216,62,74
2016,5,秋田県,23200,1018400,4,4,400,16.0,1507,93,110,44,85
2016,6,山形県,25409,1136320,6,5,720,17.1,1531,118,123,57,84
2016,7,福島県,34247,1961760,12,10,736,16.6,1740,138,207,70,81
2016,8,茨城県,41981,3065920,18,12,729,10.0,2085,25,256,91,71
2016,9,栃木県,39771,2068960,22,11,970,14.8,2025,73,187,94,76
2016,10,群馬県,40876,2068960,18,12,653,15.7,2141,108,198,96,77
2016,11,埼玉県,124104,6987680,61,47,1413,20.1,2010,20,529,84,56
2016,12,千葉県,108591,5978560,41,39,1296,24.3,2071,31,438,94,62
2016,13,東京都,954787,13366080,1689,273,3387,49.4,2065,25,638,78,46
2016,14,神奈川県,220016,8786960,148,76,1709,43.3,2092,46,589,84,54
2016,15,新潟県,41981,2358400,32,11,1036,20.4,1595,148,231,56,83
2016,16,富山県,41981,1104160,23,8,382,19.3,1683,74,114,51,81
2016,17,石川県,59657,1211360,25,10,356,25.9,1703,67,132,60,81
2016,18,福井県,39771,814720,18,6,213,17.2,1639,35,96,60,83
2016,19,山梨県,41981,868320,8,8,267,19.9,2336,51,89,97,71
2016,20,長野県,43085,2186880,31,12,712,26.3,2136,203,223,80,77
2016,21,岐阜県,46400,2111840,20,10,469,16.4,2038,82,202,86,78
2016,22,静岡県,86171,3891360,41,22,807,23.9,2167,122,322,99,69
2016,23,愛知県,186805,7178080,189,52,1580,20.8,2219,31,556,79,61
2016,24,三重県,47505,1897440,18,11,346,19.0,1943,39,176,69,76
2016,25,滋賀県,60762,1511520,13,10,286,20.0,1764,24,123,67,77
2016,26,京都府,232001,2755040,57,28,601,57.7,1813,30,281,61,63
2016,27,大阪府,257377,8406160,362,95,1682,39.7,2087,19,500,61,61
2016,28,兵庫県,160191,5853120,65,36,1167,32.8,2069,75,452,72,62
2016,29,奈良県,82857,1415040,8,8,230,26.7,1930,25,126,66,69
2016,30,和歌山県,41981,986240,9,6,234,17.2,1994,55,120,84,72
2016,31,鳥取県,24304,589600,4,3,177,15.3,1726,36,76,53,84
2016,32,島根県,25409,718240,4,3,172,15.3,1630,59,93,50,86
2016,33,岡山県,64076,2015360,23,11,493,17.5,2071,36,196,57,75
2016,34,広島県,104952,2990880,41,19,782,24.3,2060,46,280,73,72
2016,35,山口県,38666,1436480,18,8,327,16.5,1952,30,135,64,75
2016,36,徳島県,37562,771840,5,4,190,15.8,2176,24,106,74,77
2016,37,香川県,57447,1018400,13,6,213,19.0,2113,15,115,58,78
2016,38,愛媛県,48609,1425760,16,8,274,20.5,2053,47,154,71,78
2016,39,高知県,39771,739680,7,4,181,19.7,2198,25,112,91,76
2016,40,福岡県,145292,4883760,74,46,1531,31.5,2065,50,468,53,68
2016,41,佐賀県,34247,868320,9,5,249,15.7,2041,31,95,50,83
2016,42,長崎県,51924,1404320,10,7,251,22.4,1816,54,167,39,81
2016,43,熊本県,64076,1854560,20,12,448,23.1,1947,131,204,56,80
2016,44,大分県,43085,1200640,12,8,261,18.1,1924,253,143,55,81
2016,45,宮崎県,35352,1147040,9,6,323,18.9,2142,79,124,61,77
2016,46,鹿児島県,50819,1693760,12,8,498,20.5,2033,181,208,49,77
2016,47,沖縄県,63685,1389920,14,19,371,54.4,1871,10,119,2,73
2017,1,北海道,74301,5548860,46,35,1783,73.6,1662,247,550,4,70
2017,2,青森県,27316,1307490,5,6,468,19.4,1543,145,141,26,74
2017,3,岩手県,28409,1286230,7,5,394,17.6,1651,108,128,33,82
2017,4,宮城県,73209,2444900,21,16,689,25.2,1842,61,218,43,71
2017,5,秋田県,22946,1009850,5,4,397,15.8,1418,89,112,32,82
2017,6,山形県,25131,1126780,6,5,715,17.0,1454,117,127,35,85
2017,7,福島県,33872,1945290,12,10,731,16.6,1676,138,204,53,75
2017,8,茨城県,41521,3040180,19,13,724,10.4,2008,25,255,60,68
2017,9,栃木県,39336,2051590,22,12,964,15.0,1888,77,188,65,72
2017,10,群馬県,40428,2051590,19,12,649,15.9,2049,107,192,74,74
2017,11,埼玉県,130233,7031720,63,50,1404,20.4,1954,21,516,62,55
2017,12,千葉県,113954,6016240,42,41,1287,24.4,2027,31,431,63,62
2017,13,東京都,1001937,13450320,1734,288,3364,49.4,1927,25,656,64,45
2017,14,神奈川県,230881,8842340,152,80,1698,43.2,2050,43,576,60,55
2017,15,新潟県,41521,2338600,33,12,1029,20.2,1542,146,239,39,84
2017,16,富山県,41521,1094890,23,9,380,19.1,1573,77,116,33,83
2017,17,石川県,59004,1201190,26,11,354,26.0,1598,68,136,36,81
2017,18,福井県,39336,807880,18,7,212,17.0,1641,34,94,42,87
2017,19,山梨県,41521,861030,8,8,266,19.8,2246,49,90,58,72
2017,20,長野県,42614,2168520,32,13,708,26.3,1971,214,216,51,77
2017,21,岐阜県,45892,2094110,21,11,466,16.5,1932,83,197,58,75
2017,22,静岡県,85228,3858690,42,23,801,24.2,2185,122,314,61,70
2017,23,愛知県,196030,7223320,194,55,1569,21.0,2054,30,563,58,61
2017,24,三重県,46984,1881510,19,12,344,19.2,1822,39,176,49,73
2017,25,滋賀県,60096,1498830,13,10,285,20.1,1766,25,124,47,77
2017,26,京都府,229461,2731910,59,30,597,57.7,1706,30,290,44,65
2017,27,大阪府,270087,8459140,372,101,1670,39.6,2052,20,502,46,59
2017,28,兵庫県,158437,5803980,67,38,1159,32.6,1979,77,453,48,62
2017,29,奈良県,81950,1403160,8,9,229,26.4,1812,25,123,51,72
2017,30,和歌山県,41521,977960,9,6,232,17.0,1918,57,120,52,74
2017,31,鳥取県,24038,584650,4,4,176,15.1,1619,36,76,40,86
2017,32,島根県,25131,712210,5,4,170,15.3,1583,60,95,36,85
2017,33,岡山県,63374,1998440,24,12,490,17.5,1992,34,194,41,78
2017,34,広島県,103803,2965770,42,20,777,24.4,1927,46,289,48,71
2017,35,山口県,38243,1424420,18,8,325,16.7,1954,31,137,38,75
2017,36,徳島県,37150,765360,5,4,189,16.0,2005,25,105,46,76
2017,37,香川県,56818,1009850,13,7,212,19.2,2015,15,116,42,79
2017,38,愛媛県,48077,1413790,16,9,273,20.6,1961,46,154,42,79
2017,39,高知県,39336,733470,7,4,180,19.6,2198,25,108,59,77
2017,40,福岡県,152467,4914540,76,48,1520,31.3,1985,49,457,36,66
2017,41,佐賀県,33872,861030,9,5,247,15.5,1863,30,94,35,85
2017,42,長崎県,51355,1392530,10,7,249,22.2,1767,54,163,29,78
2017,43,熊本県,63374,1838990,21,13,445,23.0,1882,140,205,39,84
2017,44,大分県,42614,1190560,12,8,259,18.0,1820,258,146,38,83
2017,45,宮崎県,34965,1137410,10,7,321,18.9,2116,83,127,42,78
2017,46,鹿児島県,50262,1679540,12,9,495,20.6,1941,178,213,35,76
2017,47,沖縄県,66830,1398680,14,20,368,54.5,1779,10,122,2,71
2018,1,北海道,73479,5501880,47,37,1771,73.5,1738,246,570,5,66
2018,2,青森県,27014,1296420,5,6,465,19.2,1565,139,139,33,73
2018,3,岩手県,28094,1275340,7,5,392,17.4,1718,107,128,47,82
2018,4,宮城県,72398,2424200,22,17,684,25.0,1858,62,218,58,70
2018,5,秋田県,22692,1001300,5,5,395,15.6,1444,91,108,40,82
2018,6,山形県,24853,1117240,6,5,710,16.9,1501,123,124,53,87
2018,7,福島県,33497,1928820,13,11,726,16.6,1731,137,201,70,78
2018,8,茨城県,41061,3014440,19,14,720,10.9,2008,26,262,77,68
2018,9,栃木県,38900,2034220,23,12,957,15.2,1939,77,184,80,75
2018,10,群馬県,39981,2034220,19,13,645,16.1,2137,103,198,81,74
2018,11,埼玉県,136362,7075760,65,52,1395,20.6,2052,19,525,80,56
2018,12,千葉県,119316,6053920,43,43,1278,24.5,2029,30,443,69,59
2018,13,東京都,1049087,13534560,1779,304,3342,49.4,2025,26,645,75,47
2018,14,神奈川県,241746,8897720,156,85,1686,43.1,2127,43,583,75,55
2018,15,新潟県,41061,2318800,34,12,1022,20.0,1546,139,231,44,82
2018,16,富山県,41061,1085620,24,9,377,18.8,1583,73,113,45,84
2018,17,石川県,58351,1191020,26,12,352,26.1,1716,71,132,47,82
2018,18,福井県,38900,801040,19,7,210,16.9,1692,34,95,55,85
2018,19,山梨県,41061,853740,8,8,264,19.8,2223,49,90,76,72
2018,20,長野県,42142,2150160,32,14,703,26.4,2005,213,219,70,80
2018,21,岐阜県,45384,2076380,21,12,463,16.7,2091,82,204,73,77
2018,22,静岡県,84284,3826020,43,25,796,24.4,2170,125,315,87,73
2018,23,愛知県,205255,7268560,199,58,1559,21.3,2067,30,564,66,61
2018,24,三重県,46464,1865580,19,12,342,19.3,1957,40,172,68,76
2018,25,滋賀県,59431,1486140,13,11,283,20.2,1783,26,125,63,76
2018,26,京都府,226920,2708780,60,32,593,57.6,1799,30,289,57,65
2018,27,大阪府,282797,8512120,381,106,1659,39.4,2105,21,508,55,58
2018,28,兵庫県,156683,5754840,69,40,1151,32.4,1992,77,447,54,63
2018,29,奈良県,81043,1391280,8,9,227,26.2,1870,25,127,59,74
2018,30,和歌山県,41061,969680,9,6,231,16.8,1930,54,122,70,75
2018,31,鳥取県,23772,579700,4,4,175,15.1,1687,36,75,44,84
2018,32,島根県,24853,706180,5,4,169,15.3,1633,62,96,43,88
2018,33,岡山県,62673,1981520,25,12,487,17.7,1999,35,194,52,74
2018,34,広島県,102654,2940660,43,22,772,24.7,2069,45,280,61,75
2018,35,山口県,37820,1412360,19,8,323,17.0,1931,31,134,53,76
2018,36,徳島県,36739,758880,6,5,188,16.2,2050,25,104,59,76
2018,37,香川県,56189,1001300,13,7,210,19.3,2064,15,114,53,78
2018,38,愛媛県,47545,1401820,17,9,271,20.6,2104,46,155,54,77
2018,39,高知県,38900,727260,7,5,179,19.5,2265,25,111,79,78
2018,40,福岡県,159642,4945320,78,51,1510,31.1,1944,52,467,50,70
2018,41,佐賀県,33497,853740,9,5,245,15.2,1946,31,96,40,86
2018,42,長崎県,50787,1380740,11,8,248,21.9,1833,57,168,39,78
2018,43,熊本県,62673,1823420,21,14,442,22.8,1909,137,208,54,84
2018,44,大分県,42142,1180480,13,8,257,18.0,1928,252,143,44,80
2018,45,宮崎県,34578,1127780,10,7,318,19.0,2168,78,124,58,78
2018,46,鹿児島県,49706,1665320,13,9,492,20.8,1980,174,211,47,78
2018,47,沖縄県,69975,1407440,14,22,366,54.6,1818,10,119,2,70
2019,1,北海道,72656,5454900,48,39,1759,73.4,1758,246,556,7,67
2019,2,青森県,26712,1285350,5,6,462,19.0,1623,141,137,38,74
2019,3,岩手県,27780,1264450,8,6,389,17.2,1728,112,131,49,79
2019,4,宮城県,71588,2403500,23,18,680,24.8,1886,61,213,70,72
2019,5,秋田県,22438,992749,5,5,392,15.5,1486,93,112,41,82
2019,6,山形県,24575,1107700,7,6,706,16.9,1545,123,126,58,84
2019,7,福島県,33122,1912349,13,11,721,16.7,1725,133,206,83,78
2019,8,茨城県,40602,2988700,20,15,715,11.5,2055,24,258,82,70
2019,9,栃木県,38465,2016849,24,13,951,15.5,2015,75,186,102,74
2019,10,群馬県,39533,2016849,20,14,640,16.4,2236,107,192,99,75
2019,11,埼玉県,140958,7119800,66,55,1385,20.7,2047,19,513,98,59
2019,12,千葉県,123338,6091600,44,45,1270,24.6,2125,29,432,85,61
2019,13,東京都,1084450,13618800,1824,320,3320,49.3,2094,24,653,98,49
2019,14,神奈川県,249895,8953100,160,89,1675,42.9,2124,46,583,87,54
2019,15,新潟県,40602,2299000,35,13,1015,19.8,1551,142,234,58,84
2019,16,富山県,40602,1076350,24,10,375,18.6,1694,73,117,49,83
2019,17,石川県,57697,1180850,27,12,349,26.2,1764,71,133,61,82
2019,18,福井県,38465,794200,19,7,209,16.8,1669,34,96,69,84
2019,19,山梨県,40602,846450,8,9,262,19.8,2253,50,88,94,74
2019,20,長野県,41670,2131800,33,15,698,26.6,2162,211,221,79,82
2019,21,岐阜県,44876,2058649,22,12,460,16.9,2069,85,203,76,78
2019,22,静岡県,83341,3793349,44,26,791,24.6,2177,129,319,94,71
2019,23,愛知県,212174,7313800,204,61,1548,21.5,2213,30,556,84,63
2019,24,三重県,45944,1849649,20,13,340,19.5,1969,42,177,70,72
2019,25,滋賀県,58766,1473450,14,11,281,20.2,1874,26,127,71,80
2019,26,京都府,224380,2685650,62,33,589,57.5,1840,30,286,68,67
2019,27,大阪府,292330,8565100,391,112,1648,39.2,2112,20,516,67,58
2019,28,兵庫県,154929,5705700,71,42,1144,32.1,2049,77,448,70,62
2019,29,奈良県,80136,1379400,8,10,226,26.0,1875,26,123,71,72
2019,30,和歌山県,40602,961399,9,6,229,16.6,2005,56,119,83,77
2019,31,鳥取県,23506,574750,4,4,174,15.0,1734,35,74,52,88
2019,32,島根県,24575,700150,5,4,168,15.4,1634,61,94,54,88
2019,33,岡山県,61971,1964599,25,13,483,17.9,2140,34,195,67,75
2019,34,広島県,101505,2915550,44,23,767,24.9,2038,44,287,65,75
2019,35,山口県,37396,1400300,19,9,321,17.2,1968,30,137,66,74
2019,36,徳島県,36328,752400,6,5,187,16.4,2093,25,106,77,76
2019,37,香川県,55560,992749,14,7,209,19.4,2207,16,117,59,80
2019,38,愛媛県,47013,1389850,17,10,269,20.6,2161,46,158,70,76
2019,39,高知県,38465,721050,8,5,177,19.4,2211,26,109,98,78
2019,40,福岡県,165024,4976100,80,53,1500,30.9,2023,51,457,63,68
2019,41,佐賀県,33122,846450,9,6,244,15.0,2011,30,96,53,86
2019,42,長崎県,50218,1368950,11,8,246,21.7,1853,54,164,44,80
2019,43,熊本県,61971,1807849,22,15,440,22.7,2016,134,204,65,83
2019,44,大分県,41670,1170400,13,9,256,18.0,1969,248,143,55,82
2019,45,宮崎県,34191,1118150,10,7,316,19.1,2204,81,125,77,82
2019,46,鹿児島県,49150,1651100,13,10,488,21.0,2017,174,209,48,79
2019,47,沖縄県,72334,1416200,15,23,363,54.8,1871,10,122,3,70
2020,1,北海道,71834,5407920,50,41,1747,73.2,1648,244,566,5,67
2020,2,青森県,26409,1274280,5,7,459,18.8,1475,144,141,36,77
2020,3,岩手県,27465,1253560,8,6,386,16.9,1585,113,129,44,81
2020,4,宮城県,70777,2382800,23,19,675,24.6,1754,59,216,64,74
2020,5,秋田県,22184,984200,5,5,389,15.4,1382,87,108,37,81
2020,6,山形県,24296,1098160,7,6,701,16.9,1392,120,123,56,87
2020,7,福島県,32747,1895880,13,12,716,16.9,1596,138,201,71,77
2020,8,茨城県,40142,2962960,20,15,710,12.1,1931,24,261,80,70
2020,9,栃木県,38029,1999480,24,14,944,15.7,1906,72,186,81,73
2020,10,群馬県,39086,1999480,20,14,636,16.6,2016,103,194,96,76
2020,11,埼玉県,142490,7163840,68,58,1376,20.9,1938,20,530,91,60
2020,12,千葉県,124679,6129280,45,48,1261,24.6,1986,29,433,77,62
2020,13,東京都,1096237,13703040,1869,336,3297,49.2,1890,24,654,82,47
2020,14,神奈川県,252611,9008480,164,94,1664,42.7,1926,46,569,67,56
2020,15,新潟県,40142,2279200,36,14,1008,19.6,1500,140,236,47,80
2020,16,富山県,40142,1067080,25,10,372,18.4,1574,75,117,46,86
2020,17,石川県,57044,1170680,28,13,347,26.3,1572,70,135,46,84
2020,18,福井県,38029,787360,20,8,207,16.7,1529,35,94,57,84
2020,19,山梨県,40142,839160,9,9,260,19.9,2196,51,91,82,73
2020,20,長野県,41198,2113440,34,15,693,26.7,1934,207,224,71,80
2020,21,岐阜県,44368,2040920,22,13,457,17.2,1876,88,201,73,79
2020,22,静岡県,82397,3760680,45,27,785,24.9,2106,128,324,83,74
2020,23,愛知県,214480,7359040,209,64,1538,21.7,2012,30,557,73,63
2020,24,三重県,45424,1833720,20,14,337,19.6,1871,39,172,62,73
2020,25,滋賀県,58101,1460760,14,12,279,20.2,1732,26,124,66,80
2020,26,京都府,221840,2662520,63,35,585,57.4,1668,31,283,65,64
2020,27,大阪府,295507,8618080,401,117,1637,39.0,1963,20,504,52,59
2020,28,兵庫県,153175,5656560,72,44,1136,31.9,1857,75,451,64,64
2020,29,奈良県,79228,1367520,9,10,224,25.8,1760,25,126,68,70
2020,30,和歌山県,40142,953120,10,7,227,16.5,1863,54,122,68,77
2020,31,鳥取県,23240,569800,4,4,173,15.0,1568,34,76,50,87
2020,32,島根県,24296,694120,5,4,167,15.5,1580,61,97,50,88
2020,33,岡山県,61270,1947680,26,14,480,18.1,1904,34,198,62,77
2020,34,広島県,100356,2890440,45,24,762,25.1,1877,47,281,65,74
2020,35,山口県,36973,1388240,20,9,319,17.4,1816,31,134,56,76
2020,36,徳島県,35917,745920,6,5,185,16.5,2023,26,106,69,80
2020,37,香川県,54931,984200,14,8,207,19.4,2049,15,114,54,82
2020,38,愛媛県,46480,1377880,18,10,267,20.5,1907,45,154,68,76
2020,39,高知県,38029,714840,8,5,176,19.2,2080,24,108,74,75
2020,40,福岡県,166817,5006880,82,56,1490,30.6,1889,50,459,56,69
2020,41,佐賀県,32747,839160,10,6,242,14.7,1837,30,94,49,88
2020,42,長崎県,49650,1357160,11,8,244,21.6,1769,56,168,39,79
2020,43,熊本県,61270,1792280,22,15,437,22.6,1861,135,201,58,82
2020,44,大分県,41198,1160320,13,9,254,18.1,1808,252,145,49,82
2020,45,宮崎県,33804,1108520,10,8,314,19.3,2029,77,127,65,78
2020,46,鹿児島県,48593,1636880,13,10,485,21.2,1876,179,214,42,81
2020,47,沖縄県,73120,1424960,15,24,361,54.9,1668,10,122,2,75
2021,1,北海道,71011,5360940,51,43,1735,73.0,1749,236,552,6,68
2021,2,青森県,26107,1263210,5,7,455,18.6,1581,135,137,37,79
2021,3,岩手県,27151,1242670,8,6,384,16.7,1722,110,131,54,82
2021,4,宮城県,69967,2362100,24,20,670,24.4,1906,61,216,76,72
2021,5,秋田県,21930,975649,5,5,387,15.3,1455,87,110,44,84
2021,6,山形県,24018,1088620,7,6,696,17.0,1504,115,127,60,83
2021,7,福島県,32372,1879409,14,12,711,17.0,1751,132,202,70,81
2021,8,茨城県,39682,2937219,21,16,705,12.8,2133,26,262,83,71
2021,9,栃木県,37594,1982109,25,14,937,15.9,2007,73,182,97,73
2021,10,群馬県,38638,1982109,21,15,631,16.8,2230,103,196,93,75
2021,11,埼玉県,137894,7207880,70,60,1366,21.0,2115,20,527,97,58
2021,12,千葉県,120657,6166960,46,50,1252,24.6,2094,29,439,86,63
2021,13,東京都,1060875,13787280,1914,351,3273,49.1,2002,25,646,93,51
2021,14,神奈川県,244462,9063860,168,98,1652,42.5,2176,45,588,82,57
2021,15,新潟県,39682,2259400,37,14,1001,19.3,1628,146,239,53,81
2021,16,富山県,39682,1057810,26,11,370,18.2,1639,77,116,51,87
2021,17,石川県,56391,1160510,28,13,344,26.5,1683,69,137,53,81
2021,18,福井県,37594,780519,20,8,206,16.7,1741,36,95,68,85
2021,19,山梨県,39682,831869,9,10,258,20.0,2294,51,89,101,74
2021,20,長野県,40727,2095079,35,16,688,26.9,2047,210,218,71,78
2021,21,岐阜県,43860,2023189,23,13,453,17.4,2120,83,198,86,79
2021,22,静岡県,81454,3728009,46,28,779,25.1,2236,128,317,103,73
2021,23,愛知県,207561,7404280,214,67,1527,21.8,2233,31,561,77,64
2021,24,三重県,44904,1817789,21,14,335,19.6,2019,40,176,76,75
2021,25,滋賀県,57435,1448069,14,12,277,20.1,1834,25,127,77,80
2021,26,京都府,219300,2639390,65,36,581,57.2,1812,31,288,78,66
2021,27,大阪府,285975,8671060,410,122,1625,38.8,2078,20,519,67,62
2021,28,兵庫県,151421,5607419,74,46,1128,31.7,2036,73,458,70,66
2021,29,奈良県,78321,1355640,9,11,223,25.6,1910,25,123,78,70
2021,30,和歌山県,39682,944839,10,7,226,16.4,1967,54,119,79,73
2021,31,鳥取県,22974,564850,4,4,172,15.1,1771,36,75,63,87
2021,32,島根県,24018,688089,5,4,166,15.7,1643,62,94,48,91
2021,33,岡山県,60568,1930759,27,14,477,18.3,2049,36,194,70,75
2021,34,広島県,99207,2865329,46,25,756,25.4,2023,46,281,77,73
2021,35,山口県,36550,1376179,20,10,317,17.6,2050,30,135,63,75
2021,36,徳島県,35505,739439,6,5,184,16.6,2194,24,104,79,76
2021,37,香川県,54302,975649,14,8,206,19.4,2112,15,117,62,83
2021,38,愛媛県,45948,1365910,18,11,265,20.4,2095,45,152,73,81
2021,39,高知県,37594,708629,8,5,175,19.0,2269,25,110,83,76
2021,40,福岡県,161436,5037660,84,59,1479,30.4,2016,50,466,64,67
2021,41,佐賀県,32372,831869,10,6,240,14.5,2048,30,97,50,88
2021,42,長崎県,49081,1345370,12,9,242,21.4,1907,53,167,45,80
2021,43,熊本県,60568,1776709,23,16,433,22.6,1996,138,203,58,83
2021,44,大分県,40727,1150240,14,10,252,18.2,1945,247,144,57,84
2021,45,宮崎県,33417,1098890,11,8,312,19.5,2205,81,125,74,82
2021,46,鹿児島県,48037,1622659,14,11,481,21.4,1953,171,208,55,79
2021,47,沖縄県,70761,1433720,15,25,358,55.0,1879,10,118,2,73
2022,1,北海道,70189,5313960,52,44,1722,72.8,1692,245,570,5,67
2022,2,青森県,25804,1252140,5,7,452,18.3,1551,135,138,32,76
2022,3,岩手県,26836,1231780,8,6,381,16.5,1690,106,131,39,84
2022,4,宮城県,69156,2341400,24,20,665,24.3,1812,59,211,59,76
2022,5,秋田県,21676,967100,5,6,384,15.3,1420,92,110,36,84
2022,6,山形県,23740,1079080,7,6,691,17.1,1491,117,127,50,84
2022,7,福島県,31997,1862940,14,13,706,17.2,1747,132,204,63,81
2022,8,茨城県,39223,2911480,21,17,700,13.4,2029,25,258,69,69
2022,9,栃木県,37158,1964740,25,15,931,16.2,2005,72,188,80,73
2022,10,群馬県,38191,1964740,21,16,627,16.9,2198,105,198,78,77
2022,11,埼玉県,142490,7251920,71,63,1356,21.0,2014,20,522,85,57
2022,12,千葉県,124679,6204640,47,52,1243,24.5,2003,30,445,78,63
2022,13,東京都,1096237,13871520,1959,365,3249,48.9,2043,26,647,69,49
2022,14,神奈川県,252611,9119240,172,102,1639,42.3,2132,44,571,71,57
2022,15,新潟県,39223,2239600,38,15,994,19.1,1531,151,233,48,83
2022,16,富山県,39223,1048540,26,11,367,18.0,1584,77,114,39,86
2022,17,石川県,55738,1150340,29,14,342,26.7,1730,70,134,48,83
2022,18,福井県,37158,773680,21,8,204,16.7,1642,34,95,59,88
2022,19,山梨県,39223,824580,9,10,257,20.1,2194,51,91,88,76
2022,20,長野県,40255,2076720,36,17,683,27.2,2090,218,223,67,79
2022,21,岐阜県,43352,2005460,23,14,450,17.6,2033,86,202,69,76
2022,22,静岡県,80510,3695340,47,30,774,25.3,2241,125,326,87,74
2022,23,愛知県,214480,7449520,219,69,1515,21.9,2176,31,569,66,66
2022,24,三重県,44384,1801860,21,15,332,19.6,1931,39,173,70,73
2022,25,滋賀県,56770,1435380,15,13,275,20.0,1799,24,124,55,78
2022,26,京都府,216760,2616260,66,38,576,57.0,1732,30,287,64,65
2022,27,大阪府,295507,8724040,420,128,1613,38.5,2058,20,507,58,59
2022,28,兵庫県,149667,5558280,76,48,1119,31.5,1996,78,448,58,68
2022,29,奈良県,77414,1343760,9,11,221,25.4,1822,26,123,66,75
2022,30,和歌山県,39223,936560,10,7,224,16.4,2007,57,120,67,74
2022,31,鳥取県,22708,559900,4,5,170,15.1,1663,36,75,50,85
2022,32,島根県,23740,682060,5,5,165,15.8,1596,61,97,39,91
2022,33,岡山県,59867,1913840,27,15,473,18.5,1995,34,191,59,76
2022,34,広島県,98058,2840220,47,26,750,25.6,2063,45,285,57,75
2022,35,山口県,36126,1364120,21,10,314,17.8,2008,30,137,53,77
2022,36,徳島県,35094,732960,6,6,183,16.7,2042,25,107,59,80
2022,37,香川県,53673,967100,15,8,204,19.3,2095,15,117,53,82
2022,38,愛媛県,45416,1353940,19,11,263,20.2,2064,45,154,62,80
2022,39,高知県,37158,702420,8,6,174,18.8,2187,24,109,80,76
2022,40,福岡県,166817,5068440,86,61,1468,30.2,2031,51,458,46,67
2022,41,佐賀県,31997,824580,10,6,238,14.4,1994,30,94,41,86
2022,42,長崎県,48513,1333580,12,9,241,21.3,1847,56,162,36,83
2022,43,熊本県,59867,1761140,23,17,430,22.6,1939,132,201,58,81
2022,44,大分県,40255,1140160,14,10,250,18.3,1909,254,144,52,85
2022,45,宮崎県,33030,1089260,11,8,310,19.7,2073,83,127,54,81
2022,46,鹿児島県,47480,1608440,14,11,478,21.7,1987,177,212,46,81
2022,47,沖縄県,73120,1442480,16,26,356,55.1,1790,10,119,2,76
2023,1,北海道,69366,5266979,53,46,1709,72.6,1816,234,568,4,69
2023,2,青森県,25502,1241069,5,8,449,18.1,1664,143,140,29,75
2023,3,岩手県,26522,1220889,8,7,378,16.3,1757,107,129,35,84
2023,4,宮城県,68346,2320699,25,21,660,24.2,1933,59,218,56,75
2023,5,秋田県,21422,958549,5,6,381,15.3,1538,91,112,35,84
2023,6,山形県,23462,1069540,7,7,686,17.2,1626,116,126,40,85
2023,7,福島県,31622,1846469,14,13,701,17.4,1817,135,207,60,80
2023,8,茨城県,38763,2885739,22,17,694,14.0,2215,25,259,68,71
2023,9,栃木県,36723,1947369,26,15,924,16.4,2160,75,182,67,77
2023,10,群馬県,37743,1947369,22,16,622,17.0,2288,108,194,76,79
2023,11,埼玉県,148619,7295960,73,65,1346,21.0,2107,20,516,80,57
2023,12,千葉県,130042,6242320,48,54,1234,24.4,2235,31,435,75,60
2023,13,東京都,1143387,13955760,2004,380,3225,48.7,2188,26,651,70,50
2023,14,神奈川県,263476,9174620,176,106,1627,42.0,2193,45,584,62,59
2023,15,新潟県,38763,2219800,39,15,986,18.9,1618,142,239,44,81
2023,16,富山県,38763,1039269,27,12,364,17.9,1781,77,116,37,85
2023,17,石川県,55085,1140169,30,14,339,27.0,1785,73,137,48,83
2023,18,福井県,36723,766839,21,9,203,16.8,1717,35,97,45,85
2023,19,山梨県,38763,817289,9,11,255,20.3,2448,50,89,79,78
2023,20,長野県,39783,2058359,37,17,678,27.4,2191,214,219,63,83
2023,21,岐阜県,42844,1987729,24,14,447,17.9,2228,83,201,61,76
2023,22,静岡県,79567,3662669,48,31,768,25.4,2389,122,318,80,72
2023,23,愛知県,223705,7494760,224,72,1504,22.0,2276,30,558,61,66
2023,24,三重県,43864,1785929,22,15,330,19.5,2071,39,173,60,74
2023,25,滋賀県,56105,1422689,15,13,273,19.8,1880,26,125,49,80
2023,26,京都府,214220,2593129,68,39,572,56.8,1875,31,283,59,68
2023,27,大阪府,308217,8777020,430,133,1601,38.3,2206,21,519,47,62
2023,28,兵庫県,147913,5509139,78,50,1111,31.3,2081,76,441,53,66
2023,29,奈良県,76507,1331879,9,12,219,25.4,2033,25,125,53,74
2023,30,和歌山県,38763,928279,10,8,222,16.4,2060,54,122,62,75
2023,31,鳥取県,22442,554950,4,5,169,15.3,1767,35,76,46,85
2023,32,島根県,23462,676029,5,5,163,16.1,1699,60,96,41,88
2023,33,岡山県,59165,1896919,28,15,470,18.8,2224,36,193,46,80
2023,34,広島県,96909,2815109,48,27,745,25.8,2209,45,283,50,73
2023,35,山口県,35703,1352059,21,11,312,17.9,2043,30,135,46,79
2023,36,徳島県,34683,726479,6,6,181,16.7,2215,24,104,63,79
2023,37,香川県,53044,958549,15,9,203,19.2,2257,15,113,52,83
2023,38,愛媛県,44884,1341969,19,12,261,20.0,2175,45,152,49,82
2023,39,高知県,36723,696209,8,6,172,18.5,2408,25,109,73,79
2023,40,福岡県,173992,5099220,88,64,1458,29.9,2161,49,467,42,70
2023,41,佐賀県,31622,817289,10,7,237,14.2,2113,30,96,37,86
2023,42,長崎県,47944,1321789,12,10,239,21.3,1962,57,163,33,84
2023,43,熊本県,59165,1745569,24,17,427,22.7,2081,136,202,46,84
2023,44,大分県,39783,1130080,14,11,248,18.5,1962,255,147,47,84
2023,45,宮崎県,32643,1079630,11,9,307,19.9,2306,77,125,58,84
2023,46,鹿児島県,46924,1594219,14,12,474,21.9,2069,170,214,37,80
2023,47,沖縄県,76265,1451240,16,27,353,55.2,1913,10,122,2,71
2024,1,北海道,68544,5220000,55,48,1696,72.4,1702,235,562,5,71
2024,2,青森県,25200,1230000,6,8,445,17.9,1511,142,142,28,75
2024,3,岩手県,26208,1210000,9,7,375,16.2,1637,106,129,41,80
2024,4,宮城県,67536,2300000,26,22,656,24.2,1830,60,212,62,75
2024,5,秋田県,21168,950000,6,6,378,15.4,1466,91,109,40,86
2024,6,山形県,23184,1060000,8,7,681,17.4,1477,120,124,48,84
2024,7,福島県,31248,1830000,15,14,695,17.7,1733,139,203,61,79
2024,8,茨城県,38304,2860000,23,18,689,14.7,2085,25,261,73,70
2024,9,栃木県,36288,1930000,27,16,917,16.5,1965,78,186,73,73
2024,10,群馬県,37296,1930000,23,17,618,17.1,2090,107,198,90,80
2024,11,埼玉県,153216,7340000,75,68,1336,20.9,2053,20,526,72,62
2024,12,千葉県,134064,6280000,50,56,1225,24.2,2091,29,448,79,61
2024,13,東京都,1178750,14040000,2050,395,3201,48.5,1966,26,661,78,48
2024,14,神奈川県,271625,9230000,180,110,1615,41.8,2024,47,572,65,59
2024,15,新潟県,38304,2200000,40,16,979,18.7,1588,146,234,48,83
2024,16,富山県,38304,1030000,28,12,362,17.8,1605,75,116,40,86
2024,17,石川県,54432,1130000,31,15,337,27.3,1630,71,134,48,85
2024,18,福井県,36288,760000,22,9,201,17.0,1674,34,95,47,89
2024,19,山梨県,38304,810000,10,11,253,20.5,2242,49,89,85,76
2024,20,長野県,39312,2040000,38,18,673,27.6,2097,212,220,60,82
2024,21,岐阜県,42336,1970000,25,15,443,18.1,2074,83,199,67,77
2024,22,静岡県,78624,3630000,50,32,762,25.6,2182,130,326,75,72
2024,23,愛知県,230624,7540000,230,75,1493,22.0,2132,31,549,66,64
2024,24,三重県,43344,1770000,23,16,327,19.4,1891,41,175,65,78
2024,25,滋賀県,55440,1410000,16,14,271,19.6,1778,25,127,61,78
2024,26,京都府,211680,2570000,70,41,568,56.5,1755,30,291,54,69
2024,27,大阪府,317750,8830000,440,138,1589,38.1,2009,20,517,49,61
2024,28,兵庫県,146160,5460000,80,52,1103,31.1,2028,75,446,54,67
2024,29,奈良県,75600,1320000,10,12,218,25.3,1823,25,124,67,77
2024,30,和歌山県,38304,920000,11,8,221,16.5,1912,56,120,72,77
2024,31,鳥取県,22176,550000,5,5,168,15.5,1643,35,74,42,88
2024,32,島根県,23184,670000,6,5,162,16.3,1654,61,93,44,88
2024,33,岡山県,58464,1880000,29,16,466,19.0,2080,34,192,49,80
2024,34,広島県,95760,2790000,50,28,739,26.0,1963,46,283,55,75
2024,35,山口県,35280,1340000,22,11,310,18.0,1936,30,137,51,77
2024,36,徳島県,34272,720000,7,6,180,16.7,2084,25,106,59,82
2024,37,香川県,52416,950000,16,9,201,19.1,2078,15,114,56,82
2024,38,愛媛県,44352,1330000,20,12,259,19.8,2092,46,152,62,77
2024,39,高知県,36288,690000,9,6,171,18.3,2239,26,111,68,80
2024,40,福岡県,179374,5130000,90,66,1447,29.7,2000,51,459,50,69
2024,41,佐賀県,31248,810000,11,7,235,14.1,1960,31,97,44,86
2024,42,長崎県,47376,1310000,13,10,237,21.3,1839,53,168,33,83
2024,43,熊本県,58464,1730000,25,18,424,22.8,1868,131,205,52,83
2024,44,大分県,39312,1120000,15,11,246,18.7,1907,259,142,47,82
2024,45,宮崎県,32256,1070000,12,9,305,20.2,2097,78,124,61,80
2024,46,鹿児島県,46368,1580000,15,12,471,22.1,1933,170,214,39,81
2024,47,沖縄県,78624,1460000,17,28,350,55.2,1742,10,121,2,75
